排名,标题,播放量,讨论数,得分
1,10分钟高效瘦大腿根运动，躺床练出大腿缝，亲测一周见效！膝盖友好，无器械～,25.8万,1002,1455169
2,最 强 汤 姆,106.6万,2896,1253418
3,B站11周年特映《喜相逢》| 我们满心欢喜相逢在B站,98.4万,7300,1213532
4,消费主义是如何对年轻人进行欺骗与洗脑的？【围炉夜话】,44.9万,9797,1204552
5,【隐秘的角落·百万剪辑】杀戮之途·你就是我！将34380秒的故事提炼成9分钟的“险恶之旅”！每一秒都是壁纸！,57.5万,1556,1140770
6,【懂点儿啥】李嘉诚开挂的一生（上）：“统治”香港,96.9万,1.5万,1132490
7,爱一个人，就陪她走一遍儿时的路,50.6万,1.6万,1028638
8,把11个up主的五官拿出来打乱 还能再复原么？,100.4万,2.2万,987240
9,【片片】隐藏结局全解读！国产悬疑封神作！最终真相令人窒息！过瘾解说《隐秘的角落》大结局,100.7万,1.0万,976729
10,火锅大王消失的这段时间发生了什么？,43.1万,2859,817836
11,眼“色”游戏 （2）,57.6万,7357,814948
12,武松打得过这玩意儿？,110.1万,2197,807103
13,为了做游戏，我花了10年自学程序、美术、音乐、策划,32.0万,3548,793721
14,自制多米诺开瓶器，一次开100瓶乌苏，让开盖更加简单且硬气,65.7万,3123,740318
15,BLACKPINK 回归'How You Like That' MV+现场持更中(更至200628人气歌谣),58.3万,1.3万,714429
16,5斤鸡腿做韩式炸鸡腿，帅小伙做了满满两大盘吃着太过瘾了！,81.4万,1.1万,713103
17,华农兄弟：听说兄弟在割蜂蜜，去帮一下忙，顺便搞点来尝一下,105.8万,1.4万,686561
18,直男第一次做手工会发生什么？！,53.0万,9048,686292
19,【STN快报第五季01】乔尔的命也是命,43.3万,7170,678424
20,乘风破浪的姐姐-大碗宽面练习室版舞蹈,49.1万,3784,665563
21,【半佛】应届生求职利益最大化指南,35.8万,2466,663853
22,【舞小喵】短裙-Miniskirt❤性感小野猫来袭~,26.7万,426,638720
23,【奇怪的传播学】下行生育率背后的传播学逻辑,34.1万,4691,634380
24,和 风 美 女,35.7万,9828,624725
25,一个人，造出让40亿人震碎的夜晚！,30.1万,3324,611414
26,【黄龄】今天也是越来越《喜欢你》们的一天吖！,46.5万,5340,600245
27,【朱一旦】203 螳螂扑蝉 黄雀在后,87.2万,3860,592440
28,大  威  天  妈,42.5万,960,587809
29,突然向女朋友跪地求婚！相识20年，我们终于订婚了！,35.3万,6474,567629
30,五斤大公鸡练手，媳妇上演霸气厨娘，大sao没有上桌，角落吃过瘾,65.9万,1.0万,566061
31,业界真的要完！2020七月新番推荐,34.1万,2121,547761
32,老王有媳妇儿了！【德华的世界#6】,35.1万,4028,527201
33,【费玉污】《一剪梅》被删减版本！,32.5万,1586,518456
34,【主播真会玩女神篇】101： 淑怡眼球追踪自动瞄准，女流再战科二终克心魔,51.7万,7969,515776
35,模仿六大平台吃炸鸡，味儿太冲了,41.4万,2762,512145
36,“这是我爸”“爸！”,55.6万,1087,501719
37,【真人GTA】老 年 崔 佛,35.2万,668,481761
38,星巴克任意杯被大家玩坏了,61.5万,220,480090
39,你从没见过的学霸学渣互撕版Doja Cat《Say So》？史上最强高中生改编版！,21.2万,482,477473
40,最 强 法 海,28.9万,1048,467476
41,“不感兴趣。”,41.4万,525,456579
42,【1900】弑父灭口！比剧集黑暗百倍，解读18万字原著《隐秘的角落》，乖孩子缘何化身恶魔,40.0万,1417,452208
43,世界上BUG最多的搞笑游戏 每局1500个BUG,46.2万,773,444065
44,男人的快乐可以有多简单1,38.9万,105,438149
45,威慑性太强，2020年印度军力威慑宣传视频（害怕）,45.4万,2663,434615
46,别说马赛克了，这些动漫角色化成灰我都认识！【动漫高手02】,35.0万,4199,433269
47,不卖给帅哥。,42.1万,878,431050
48,【面对面】张桂梅和她创办的免费女子高中：我只想救一代人,22.7万,4373,428805
49,18岁在清华相遇，7年后我们结婚生子，校园爱情毕业不分手。,25.9万,1366,408633
50,口技大师！,28.0万,4956,408545
51,和中国一样大的太阳系模型！太阳系竟是如此空洞广阔！,26.2万,1988,403856
52,不要“做“挑战（番外篇）,36.3万,1049,400236
53,我的世界坏掉了！！！,14.2万,1628,399843
54,经验分享｜这么漂亮的女朋友我是怎么追到的？,33.4万,2138,387011
55,【嘟督】给你总结下《最后高尔夫2》到底讲了啥！！！,17.6万,1502,386256
56,沙之呼吸？沙画动画震撼还原鬼灭之刃封神一战，技惊四座！,11.2万,1160,384821
57,应该是最后一期了,33.7万,3010,383058
58,【罗翔】100g冰毒里掺50g面粉，怎么判？国际禁毒日,28.6万,2242,381069
59,【木鱼】盘点这几年火爆全网的六大名场面,35.8万,4021,375647
60,拼多多0元砍到华为手机送给大家，标价2020元，分享成功经验！,31.1万,5891,371296
61,建议保送清华,33.9万,345,369766
62,情 侣 旅 游 现 状,36.3万,5211,368068
63,【Animenz】紅蓮華 - 鬼灭之刃 OP 钢琴版,14.3万,712,366307
64,在家看片犯法吗？,36.9万,555,358993
65,印度疯狂抵制中国制造？背后的逻辑是这样的。。。,28.9万,2817,358516
66,【一勺思想】印度：我不修路，我空投，挑起边境冲突我最行,34.8万,3379,354376
67,每次出去男朋友都怕我走光，真贴心！,40.6万,34,347739
68,一个人带动了整个寨子的经济,32.6万,52,344503
69,【醒醒】中华儿女该起床了,11.1万,1287,343314
70,BLACKPINK 新曲《How you like that》MV公开,25.6万,4340,342484
71,【电竞星快报】看好了，这个复仇之矛我只教你一次 （第二季22期）,21.7万,2489,334998
72,？？？？？,21.5万,115,331039
73,天津吉良吉影入驻B站,23.3万,623,324759
74,【兔叭咯】住手！别再挤黑头了！祛黑头正确方法原来是这？！,20.6万,--,323874
75,人类早期驯服野生无人机的珍贵影像,27.7万,1234,322967
76,最深度致敬·EVA·CG作品 |  导演完全版《EVA超·现实》【授权发布】,12.0万,265,322051
77,震惊!!不会真的有人能翻唱《Loser》吧?!,23.1万,514,320235
78,神仙打架,19.9万,1220,320121
79,我的家庭影院分享,20.8万,3734,317897
80,【秦昊】张东升空降直播间  一秒吓退所有观众,33.6万,790,317531
81,【大仙全家桶】万血项羽瞬间蒸发！双抗清零，人人都可打真伤,30.1万,2697,316117
82,朴实无华的白切牛腩，看着确实平平无奇，但牛肉原味完整得到展现,21.7万,434,315605
83,【煮鸡时刻 第二季】第52期 笨贼阿飞传授防盗教学 奇兵寅子上演人间大炮,29.6万,2523,315174
84,老木匠把10块钱的电风扇，做到1000块钱，这就是工匠精神,25.6万,628,313102
85,【湊あくあ】愛をこめて花束を【翻唱】,9.3万,1057,312362
86,妈妈问我为什么要跪着看手机！,13.9万,239,309101
87,【猛男舞团】辉夜大小姐想让我做猛男丨Daddy Daddy Do！翻跳,24.1万,522,307925
88,这才叫演员，那些骗钱的渣渣们还有脸演戏吗,16.6万,355,305516
89,一学就会！C4炸弹快乐阴人流！自爆卡车套路！轰炸机套路！,18.9万,1412,304517
90,我一定要烧宁波大学,27.5万,100,301956
91,【warma】怎么办！我现在好怕被2233娘封号,19.4万,783,300651
92,油管播放量破亿却惨被删除封号的特朗普恶搞视频,22.0万,460,297139
93,巨大反差！伊拉克孩童在水中嬉戏突遇空袭 笑声变尖叫惊慌躲避,31.0万,275,296382
94,有一种猖狂叫明天早上没课,21.3万,3261,295865
95,当你在召唤师峡谷中发明了扔标枪的坦克,24.1万,620,293816
96,体态纠正大师,22.0万,1232,292519
97,这位同学醒来后多尴尬啊！,32.2万,24,291861
98,沉迷“吸毒”的动物，千万不要吸毒,28.4万,639,287210
99,刻进DNA里的画面——前方名场景高能【BILIBILI 11周年】,10.8万,625,286937
100,当杠精去面试会怎么样，面试官都被气笑了……,21.5万,160,283438
