排名,标题,播放量,讨论数,得分
1,小时候听里面的台词和现在的感觉不一样了,104.1万,1075,965601
2,“玲珑骰子安红豆，入骨相思知不知”,51.1万,567,908976
3,《大理寺日志》超 帅 踩 点 ！,33.8万,715,806724
4,“对不起，我有孩子了”,90.5万,1036,805513
5,喜羊羊原来可以这么燃,30.3万,1194,377926
6,什么叫同人逼死官方的混剪啊？战术后仰【凹凸世界第三季完结篇/极限踩点/无缝衔接/热血/白金】,9.0万,678,307973
7,小时候看过但可能记不起名字的40部动漫混剪，比如封面是？,13.4万,1401,291591
8,刻进DNA里的画面——“这故事，就得从一只鸽子说起了…”【BILIBILI 11周年】,14.5万,416,270897
9,“我应该，也是有用的吧”,20.5万,141,247841
10,臭男人果然都是见一个爱一个！,10.2万,554,222416
11,超高评分9.8，本季度最强国产动画，没人比我更懂吸猫,19.0万,697,215291
12,灰太狼：我颠覆了整个世界，只为换你一次回眸,11.2万,2111,208679
13,唐朝究竟有多开放？小猫咪都能在朝廷当官？,15.4万,577,193087
14,老天师：我高兴就是一人之下；我不高兴，就是一人一下！,18.5万,137,187044
15,我突然变成肥宅，惨遭女儿嫌弃！竟还要拯救世界？知道真相我哭了..【凸变英雄】,14.7万,216,185810
16,小时候看笑话，长大了看真实,10.3万,286,183397
17,小时候以为是喜剧，长大后才发现全是刀子！！！,12.5万,271,180443
18,属于中国人的国产动画！真正的国漫之光！【动漫安利】,14.3万,157,178884
19,信息量爆炸！【灵笼】下半季定档预告逐帧解析,14.8万,407,176253
20,这部国漫让观众爆笑？最沙雕的动画之一！看完都笑疯了！,14.5万,222,170836
21,【西游记版灵笼】灵 笼 的 正 确 打 开 方 式,14.5万,215,161945
22,“猫爷，这周咱们不更新了，准备去哪玩啊”,7.7万,160,158725
23,【斗罗大陆】一集封神！有多少人被这首歌燃哭了！,10.6万,231,158061
24,这大概就是东方之美了,7.7万,178,153227
25,看似子供向却让成年人落泪的9.7分国漫！,11.4万,427,144944
26,恭 迎 昊 天 冕 下 ！,9.7万,596,142142
27,评分9.8！和非正常人汉子住一起是什么感觉？【汉化日记】,11.9万,237,139038
28,有种“逆生长”叫做小鹿姐姐，最后一次主持节目，让人怀念的动画梦工厂还记得吗,12.9万,406,138301
29,没戴帽子的比比东应该就是这个亚子,12.0万,76,134152
30,常年霸占漫画排行第一的作品完结了，连载九年承载无数人青春的《尸兄》落幕了！,10.8万,181,127738
31,奇怪的团长又增加了。,8.3万,300,122973
32,【中国配音演员04】都是怪物系列之山新篇，这些配音竟然是同一个人？,7.6万,1014,122551
33,【凹凸全员】决 战 ！！！,3.4万,176,115725
34,“这一切都离不开那场 甲申之乱”,7.2万,172,112247
35,只要反派长的好，三观跟着五官跑,8.1万,215,111456
36,【大理寺日志/崔七】【同人AMV】October & April‖这份命中注定的爱,3.3万,97,111055
37,解析诸葛青大觉醒，觉醒后有多强（剧透慎入）,8.6万,265,110392
38,“我见众生皆无意，唯遇你动了情”,6.1万,68,109857
39,少卿这么可爱，不如我们……,7.1万,93,108969
40,2020年最惨国产动画黑马，完结赏析，被名字耽误的优秀处女作【滑稽漫谈第24期】,7.9万,507,107400
41,斗破苍穹：美杜莎得知自己怀孕后，羞怒逼婚，萧炎一脸坏笑,10.2万,19,103210
42,“有孩子又怎样，孩子他爸都没了，要不我们…”,7.9万,168,102738
43,终究还是把动漫中的那些话带进了现实啊！,7.7万,49,100030
44,谁说国漫没神曲？第一弹,6.4万,1959,99538
45,大号正在登录中——99%！！！,9.3万,75,98324
46,【吹灭小山河】 这天下，风情千万般，不及你一眼,5.2万,61,97777
47,"""一生娶一人，一诺一卿颜""",6.4万,107,96848
48,一人之下3巅峰打戏真人版 武当蒋师莫cos武当王也 燃爆动漫经典！,5.2万,58,93294
49,【伍六七】小鸡岛端午节龙舟大赛现场直播，没想到他才是岛上最“快”的男人！,7.0万,150,91867
50,这大概就是外国人不懂的中国美了！,6.6万,60,90666
51,这首曾拯救无数人的《你的答案》 你听过吗？,6.2万,531,90197
52,“我见众生皆无意，唯独对你动了情”,4.7万,64,89733
53,看的我热血沸腾，看完你可能要重新认识喜羊羊,5.2万,626,86994
54,小时候以为他会回到我们的身边，长大后发现是我自己太单纯了,6.5万,71,81955
55,在识别啊柒时右上角的头像你注意到了吗？,6.6万,157,80385
56,“我想了十天十夜也想不通”,7.1万,109,79136
57,“喜见你眉秀似山，眼拥星霜”,4.3万,63,78890
58,老天师的沙雕时刻,5.4万,397,77265
59,你真的看懂了《一人之下》吗？（评论区见～）,1.7万,22,75606
60,史上最早官方认可动画 ？？？,6.6万,758,75155
61,《宇宙星神》各大星神必杀技合辑 一次看到爽！！,4.8万,764,72477
62,【清风】风云3第89期 梦断顽城 杀性难逃,4.9万,883,71330
63,【喜羊羊与灰太狼/角色手书】OP高燃向！《羊村守护者3异国大营救》,4.1万,542,71101
64,【秦时人物志·盖聂】走过岁月，走过河山，白衣如旧,4.4万,416,70948
65,《十万个冷笑话2》这40个彩蛋和梗你都发现了吗？,4.5万,174,66204
66,兔子的千层套路,4.1万,177,65258
67,琪琳花下死，做鬼也风流！！,5.3万,40,65007
68,花花敢调戏王七，崔倍劈死你！！【王七x崔倍】实力宠啊！！,4.8万,72,64735
69,【全站最硬核】八奇技之通天箓硬核科普-这是一个扶摇直上九万里的全能神技,4.3万,484,64266
70,进来白嫖！2020年国漫最大黑马，大家一起来云吸猫！,5.1万,28,63820
71,这是一个未成年少女该有的战斗力吗？！,5.7万,33,63184
72,斗罗大陆：武魂都是凤凰，马红俊突破100级成神，而她却成为路人,6.2万,34,63181
73,【安雷】堕入黑暗－剧情/踩点/台词/燃向,1.7万,77,62960
74,美杜莎正当妙龄就当了妈，一脸不情愿，萧炎倒是满脸兴奋,6.2万,6,62646
75,【狼羊抖肩舞完整版】 ”这一次，我可以抖更久！”每日亿遍抖起来！wow~,4.2万,93,62454
76,高能！国漫中的十大经典台词,4.3万,472,61930
77,“人间不值得，不值你难过”,2.8万,51,61879
78,实不相瞒，当初我一眼就看出这唐三不是什么好人......,5.3万,95,61764
79,当玄机家的娃们去摆地摊,4.8万,241,61083
80,【王也：有钱使人变态】,3.1万,50,60327
81,【灵笼PV4解析】《玛娜生态报告02》,4.6万,112,58762
82,“开联十年” 一起见证《开心超人联盟》十年间的画风变化,4.3万,241,58646
83,【凹凸世界】创世神帅的一批,4.8万,82,57909
84,用仙剑奇侠传片头打开超兽武装,3.8万,113,57865
85,【我在MC看动画】凹凸世界现已上线MC动画频道,1.9万,134,57249
86,临时工实力排名（五）：肖自在的实力在临时工中并非最强！,5.1万,114,56778
87,火  影  忍  羊,4.3万,175,54694
88,人比地球浪？爸爸跟我小学老师跑了，妈妈却无动于衷！流浪地球#2,4.4万,79,53987
89,那兔名场面【十二】大哥，你是了解我的，我给毛子也不给兔子啊,5.1万,12,53662
90,《超兽武装》主题曲MV（up自剪辑完整版）,3.3万,209,52952
91,建议改为：真北京人儿 王也 真呢道！！,2.5万,177,52914
92,川 粤 火 线 ！,3.3万,96,52748
93,中国为什么要用兔子代表？那兔中角色背后的寓意与文化,3.9万,247,52628
94,小时候觉得小果叮是大坏蛋，现在才发现，这不就是长大后的我们吗？,3.9万,28,52335
95,回顾2019你新娶的几位老婆,3.5万,106,51496
96,【凹凸世界】饿 狮 咆 哮,1.9万,320,50650
97,【凹凸世界第三季完结】金元力全开白色闪光！银爵战败！游戏才刚刚开始？？,3.4万,129,50385
98,被遗忘的港漫巅峰之作  【风云决】,4.0万,149,49987
99,说国漫幼稚的，估计是没看过他们,3.1万,452,49519
100,国漫认真起来能有多NB？！,4.0万,371,49402
