排名,标题,播放量,讨论数,得分
1,BILIBILI 11周年演讲,319.8万,9.1万,3183974
2,犬来八荒  | 滴米不漏,112.7万,8458,1091718
3,【娄艺潇】很开心来到B站！送给大家一首温暖的《虫儿飞》~,96.8万,6296,874403
4,Hi，我是THE9成员赵小棠，一个很爱B站的小UP主！,73.4万,8125,872356
5,“你要允许一些人，有安静的青春。”,47.5万,814,854036
6,【婊气群像】老娘当年火的时候你还不知道在哪里！,89.0万,937,849039
7,集体抱团排挤？艾瑞巴迪小组事件全整理,67.9万,7027,755871
8,仙女chuu chloe啊！,166.4万,60,752418
9,明星为什么会吸毒,109.3万,3241,703269
10,《动物圈的问号脸》第3期：某幻君赌上尊严 谁说猫主子不如狗？,170.2万,3.7万,663331
11,最烦人的姐姐出现了？乘风破浪的姐姐｜观影指南Ep.2,60.7万,1.5万,626125
12,【桥本环奈】35个心动镜头挑战!！这才是日系元气美少女,40.0万,1420,600408
13,【青春环游记】郎朗周深的《幽灵公主》绝了！天籁之音+绝美琴声我能循环一万遍,36.7万,5060,589756
14,【TF家族】2020 TF家族夏季运动会,50.2万,8.5万,581771
15,【秦昊】张东升空降直播间  一秒吓退所有观众,83.5万,2108,577586
16,2008年北京奥运会开幕式（高清全记录）,25.4万,2.3万,576714
17,乘风破浪的姐姐们，兴风作浪的狗子们！【UP！大明星】,75.2万,5438,570312
18,[更新628人歌][4K/60帧/合集] SEVENTEEN Left&Right 打歌舞台 直拍 零站,31.2万,1.7万,547482
19,乘风破浪的姐姐，主题曲 9人对比版 张雨绮 蓝盈莹 张含韵 万茜 海陆 王智 钟丽缇 伊能静 沈梦辰 路拍 花絮,68.2万,1719,521883
20,[TSKS]running man.E508.200621.中字,61.9万,2.0万,520919
21,【创造营2020】丁禹兮、郑乃馨《着迷》舞台！性感互撩！,41.9万,3288,514019
22,B站11周年庆，我为大家献上一首喜爱的音乐，哔哩哔哩，干杯！,31.0万,1532,501467
23,【2020 TF家族夏季运动会】饭拍全程（没有射箭 | 非常缓慢更新中）,19.8万,7317,493556
24,【BLACKPINK】'HOW YOU LIKE THAT'打歌+MV+预告合集（持更至200628人气歌谣）,43.0万,2753,484454
25,【刘哔】搞笑吐槽台版土味101《DD52》第二期！僵尸舞大战神婆上身，女团舞蹈下限让人叹为观止！,43.0万,1.5万,423152
26,秦昊喊话李云迪：李云迪，你教我女儿弹钢琴，我陪你爬山。,50.1万,634,411824
27,【不心动算我输】历代女团神级圈粉名场面,18.1万,4924,408216
28,【乘风破浪的姐姐】主题曲“无价之姐”舞蹈合集,41.2万,2078,399618
29,真当何老师不上B站？,42.1万,2332,391907
30,【周杰伦纪录片】第七集：夏日狂想,15.2万,9585,391040
31,【乘风破浪的姐姐】王霏霏孟佳再跳missA出道曲，回忆杀！,39.5万,305,384477
32,史上唯一能借军队开演唱会的歌手，太牛了！就连总统都是他的粉丝,39.9万,551,384367
33,大家好，我是《东宫》小枫 彭小苒，下了忘川，来上B站～萌新UP主报道啦！,33.1万,3748,383698
34,【SBS综艺】Running Man 2020合集开始（更新E509.200628 主题：超能力学校竞赛 ）【1080P】【RM】【TSKS】,41.8万,1.7万,375807
35,【少年之名】张艺兴指导学员跳Love Shot和Monster!太开心了！,37.1万,1172,363847
36,【片片】全是梗！哥哥们如何在女团里翻江倒海？欢乐解说《创造营2020》第五期,38.8万,3730,358509
37,娱乐圈老父亲沙溢，吐槽女星裤衩有点短，节目全程被虐,41.2万,548,358360
38,秦昊：不想演坏人，却无法抵挡好剧本,36.7万,1193,348071
39,【明星大侦探】这综艺竟然公开搞hs！明侦开车名场面第二趴，车速太快系好安全带！,28.3万,1463,340681
40,【隐秘的角落|全员完结纪念】【残酷青春|盛夏光年】“朱朝阳，你可以相信童话”,15.8万,405,336593
41,【THE9 & 火箭少女101】成团首秀对比，没有对比就没有伤害,36.3万,1.8万,335119
42,【伊能静秦昊跳无价之姐】姐夫也太敢说了吧！！跳的也好,37.6万,328,331523
43,200623 防弹少年团 进军时尚界 工具手中拿 帅衣自己剪 服装设计梦 今天就实现 中,19.9万,2.0万,326671
44,【K吧中字】200622 伯贤吃播“来吃饭饭吧”直播中字,9.9万,6087,321248
45,薇娅在直播时大发雷霆：“不播了，这荔枝不好吃！”很愤怒她究竟的怎么回事？,36.6万,86,317016
46,乃木坂46官方bilibili开始♪,21.7万,1317,312811
47,【非正式卧谈】第10期：令人上头的粉丝礼物大赏！,34.3万,1.9万,312023
48,【每日减肥动力】进来看韩国女演员的身材管理第三弹!,19.1万,575,310502
49,【任豪X赵粤】Trouble Maker+Senorita | 强强太好磕！| 花豪粤圆,21.6万,3336,308289
50,给丁当建议几个阳谋，如何在黄圣依和张萌的夹缝中求生存。,20.5万,2163,302407
51,惊！外表明明是世上最冷都市女...韩国人看乘风破浪的姐姐,32.9万,693,302265
52,《乘风破浪的姐姐》一次公演七宗最：蓝盈莹、黄龄组表演，比金晨、沈梦辰《大碗宽面》要好,33.3万,980,301876
53,出狱879天，49岁的央视前主持人郎永淳，喜获新身份身价千万！,33.0万,60,297287
54,RM新PD宝毕为什么好评如潮？两分钟告诉你,26.5万,468,296321
55,宁静也有怂的时候,33.3万,6,295633
56,【BLACKPINK】最新回归单曲《Drunk Butterfly》打歌现场混剪/你绝对没看过的粉墨打歌现场,26.6万,1007,291828
57,【南韩六大公认神颜】终于知道为什么南韩都喜欢这种类型的颜了！！,24.7万,3184,288589
58,【闲着干嘛呢】高清全集(持更至E48.200627中字)摄像接力综艺《都玩些什么呢》多版本中字 超清大合集 刘在石&Rain 李尚顺&李孝利 黄光熙&刘宪华,27.1万,1.2万,286271
59,【贝爷】探索者们，我开通B站账号了！让我们一起永不放弃！,25.3万,451,285785
60,【日综】日本兵库县的一位母亲，同意儿子东大落榜后再次挑战的要求，而每天发奋学习的儿子，也终于等来了送东大录取通知书的快递员，但却迎来了意外的结局…,29.3万,197,283908
61,前七排名大洗牌！希林第三意难平？赵粤第一有争议？刘些宁第六出道难？中位区谁能突出重围？第三次公演舞台上期！【创造营2020reaction康康复盘ep15】,20.9万,7174,281874
62,【全孝盛】这身材就问你想不想拥有！·Find me一键换装||我的意难平女团成员|2020年奶盛会回归吗？|性感女神全烋星舞台踩点混剪|不丝滑警告,21.2万,122,281198
63,揭秘“浪姐”内部鄙视链！黄圣依张雨绮宁静谁地位更高？,25.2万,2196,280212
64,《张含韵练习室直拍》真的好惊艳！我知道她颜正条顺唱歌甜，但是我真的不知道她跳舞竟然也这么好，,28.9万,65,277389
65,2020年6月20日 张雨绮：我就是不删视频！！张雨绮 首次正面回应 罗志祥 八爪鱼 事件 后半段张雨绮 霸气混剪,28.3万,823,275213
66,【防弹少年团】1080p中字完整 200614 线上演唱会 online concert complete ver. - BANG BANG CON,9.6万,5199,268979
67,【拜托了冰箱】香港人王嘉尔问为什么东北菜分量大 东北人黄景瑜的回答也太实在了,29.4万,18,267478
68,教科书级“痞笑”  表情管理高手  韩国最妖孽男爱豆！！,12.2万,267,266814
69,【BLACKPINK】新曲《How You Like That》油管reaction合集,22.2万,4255,264739
70,【麦长青】真当我“梁非凡”不上B站,21.7万,546,263775
71,【标音高】希林娜依·高——《Ice Queen》音域（全程高能）,21.6万,910,263318
72,长了一张SM的脸却去了YG？【韩网热议】这种爱豆的美貌简直是YG的门面啊！金智秀的五官怎么能如此漂亮！,20.0万,718,263260
73,【4K】老娘15岁出道的时候你还不知道在哪里！,14.9万,288,261452
74,【歌手】周深《达拉崩吧》分饰多角！化身勇士打败恶龙救公主,17.4万,2236,258633
75,【IU】美女那些令人心动的瞬间！！,20.0万,400,257967
76,【Heart Signal3】心脏信号3 高清中字合集(更至200624 E13中字）,24.2万,2.0万,257333
77,BLACKPINK HOUSE 团综 合集 (全12集) 中字,15.5万,5775,255124
78,【THE9】喻言发的一个视频解决了网上很多的质疑,22.4万,817,253478
79,改变桥本环奈命运的眼镜,25.4万,128,250815
80,“我就是长的有点凶，我真的挺好的”——JENNIE,15.4万,220,249843
81,这父子俩把红毯走出了傍晚饭后遛弯的感觉！,26.8万,24,249625
82,李紫婷凌晨发文求救后秒删，将缺席火箭少女101告别典礼,26.8万,69,247180
83,【沈梦辰】大家好，我是沈梦辰，希望得到大家的青睐！,23.6万,711,247121
84,第一期嘲笑长相太low了！对比RM，为何《奔跑吧》越做越无聊！【哇妹】,24.5万,2686,246680
85,【麻将馆中字】有点心机又如何 第一弹 2019.09.27 田中みな実 弘中綾香,10.3万,2476,245357
86,【杨超越】活在我笑点上的女人--杨超越（第一弹）,20.4万,485,238177
87,南韩仅此一家神仙家族爱！！Wonder Girls惠林结婚，全员前来祝贺，还有不能落下的人-猩爹出来的时候眼泪都要掉下来了,23.5万,135,237894
88,【乘风破浪的姐姐】姐姐们的业务能力合集,21.7万,1089,236245
89,音乐剧演员徐均朔，入驻（雾）回B站了。,12.1万,8671,233498
90,每天一遍 防止早恋,17.8万,635,232006
91,「周深」周深李荣浩李晨合唱《至少还有你》 | 奔跑吧花絮,19.2万,618,230733
92,疯辽……这个视角绝了我好像坐在舞台上看表演一定要点开看完  不看会后悔！！！,6.2万,391,229924
93,山本瑠香--求求你别晃了 我晕,23.7万,8,228258
94,D社公开“大反转”真相..这一年被造谣最惨的爱豆..? 真的是历代级黑粉..｜DenQ,18.2万,2720,227237
95,高燃踩点！！一键换装（其实是一键换人）【时代少年团】,4.6万,567,226884
96,【黄铉辰】吸血鬼般美貌的《Psycho》直拍，一见误终身，我晕了,10.5万,976,220346
97,【某幻】不会吧不会有人没看过猛汉踩点吧｜微色气向｜超A踩点｜心动,8.9万,310,220298
98,Yo大家好，我是歐陽靖MCJin，我正式入驻B站啦！peace&love！,19.6万,303,217039
99,【首秀舞台】BLACKPINK - How You Like That 吉米今夜秀 200627,16.2万,2156,216915
100,赵露思VLOG舞蹈翻跳 BLACKPINK《As if it's your last》,21.1万,66,215957
