排名,标题,播放量,讨论数,得分
1,BILIBILI 11周年演讲,319.8万,9.1万,3183974
2,【麦长青】真当我“梁非凡”不上B站,452.5万,2.3万,3175696
3,【贝爷】探索者们，我开通B站账号了！让我们一起永不放弃！,347.3万,1.4万,2102301
4,【防弹少年团】1080p中字完整 200614 线上演唱会 online concert complete ver. - BANG BANG CON,50.8万,3.5万,1581602
5,【桥本环奈】35个心动镜头挑战!！这才是日系元气美少女,138.9万,4858,1503576
6,全场最佳！姜贞羽《时候》二公直拍！仙女下凡！眼神太杀！创造营2020,158.1万,1.4万,1305099
7,【青春环游记】郎朗周深的《幽灵公主》绝了！天籁之音+绝美琴声我能循环一万遍,70.7万,1.4万,1264354
8,【婊气群像】老娘当年火的时候你还不知道在哪里！,173.7万,2134,1218347
9,【每日减肥动力】进来看韩国女演员的身材管理第三弹!,87.5万,2970,1157745
10,犬来八荒  | 滴米不漏,112.7万,8458,1091718
11,【TF家族】2020 TF家族夏季运动会,69.8万,22.9万,1029994
12,【WNS中字】200608 BTS Dear Class Of 2020 毕业典礼演讲 & 表演 Boy With Luv+春日+小宇宙,35.8万,1.8万,1010910
13,失望！三观扭曲还浑然不知的【跑男】终于知道为什么越来越烂,202.2万,4.2万,1010397
14,【朴彩英】绝美高能！！！千万别点进来，我怕你会爱上这个女人！,56.1万,2100,934563
15,大家好，我是陈坤，我终于找回自己的B站账号了！,198.4万,7986,901245
16,【明星大侦探】这综艺竟然公开搞hs！明侦开车名场面第二趴，车速太快系好安全带！,117.9万,5491,898937
17,教科书级“痞笑”  表情管理高手  韩国最妖孽男爱豆！！,37.9万,1166,874973
18,【娄艺潇】很开心来到B站！送给大家一首温暖的《虫儿飞》~,96.8万,6296,874403
19,Hi，我是THE9成员赵小棠，一个很爱B站的小UP主！,73.4万,8125,872356
20,【麻将馆中字】有点心机又如何 第一弹 2019.09.27 田中みな実 弘中綾香,35.4万,6931,862259
21,【张艺兴】《莲》8D音效炫酷来袭！身临其境感受视觉冲击，听觉盛宴！,45.8万,1568,858191
22,硬核爱豆：网暴都是惯的，有流量是你的福分【UP！大明星】,72.7万,7484,857501
23,“你要允许一些人，有安静的青春。”,47.5万,814,854036
24,【BLACKPINK】 中字·最新团综 '24/365 with BLACKPINK' 公开（持更中~）,46.1万,9148,853291
25,【金龟子】大朋友小朋友们，我来啦！大家儿童节快乐呀~！,75.0万,8607,845144
26,真当何老师不上B站？,191.3万,6108,814585
27,【闲着干嘛呢】高清全集(持更至E48.200627中字)摄像接力综艺《都玩些什么呢》多版本中字 超清大合集 刘在石&Rain 李尚顺&李孝利 黄光熙&刘宪华,121.7万,5.6万,813901
28,【吴敏霞】退役3年后就再也没跳水了，今天重回体育馆，登上跳台的那一刻竟然...,87.5万,3370,813543
29,C位直接淘汰！选手写歌diss赛制！【以团之名】第二期,104.9万,8415,813539
30,【斋藤飞鸟】AWSL！一遍心动，两遍入坑，三遍血槽空！,56.2万,859,804025
31,【2020 TF家族夏季运动会】饭拍全程（没有射箭 | 非常缓慢更新中）,27.3万,9620,794334
32,BLACKPINK HOUSE 团综 合集 (全12集) 中字,59.8万,2.6万,793247
33,【郑乃馨】百万特效！爆肝应援！nene创造营2020主题曲舞蹈特效,40.8万,2026,767873
34,青春有你2决赛夜公布刘雨昕C位时，某大学宿舍楼炸了...,73.1万,6675,767862
35,宁静耿直怼人令人极度舒适,97.4万,2238,763464
36,[威神V/WayV] 《Turn Back Time (超时空 回)》 MV,33.8万,1.4万,761432
37,【王俊凯】想见你王俊凯直拍,30.1万,1.6万,755982
38,仙女chuu chloe啊！,166.7万,60,753262
39,【歌手】周深《达拉崩吧》分饰多角！化身勇士打败恶龙救公主,63.9万,8392,750699
40,李玫瑾老师教男孩子谈恋爱：不能一次性对女生太好了，慢慢来。,55.2万,794,737662
41,横行B站的“无天佛祖”来了，大家好，我是演员黑子！,91.9万,5376,716270
42,【乘风破浪的姐姐】姐姐们的业务能力合集,100.9万,6806,714328
43,【SBS综艺】Running Man 2020合集开始（更新E509.200628 主题：超能力学校竞赛 ）【1080P】【RM】【TSKS】,168.4万,5.3万,709667
44,明星为什么会吸毒,109.3万,3241,703269
45,《动物圈的问号脸》第1期：神脑洞？中国BOY&啊吗粽解锁羊驼迷惑行为,180.2万,4.9万,701306
46,“早知道姐姐喜欢野的，我就不装了”,46.6万,731,701251
47,【颜狗盛宴】每天一遍，防止早恋,53.3万,1593,700635
48,是什么契机让你认识的赵露思？,85.3万,1943,696632
49,【综艺】大逃脱全三季合集,75.3万,5.7万,689666
50,一直被抄袭，从未被超越！罗pd是如何做出高分原创综艺的？【哇妹】,49.0万,5079,681448
51,虞书欣就是李佳琦命中的劫数哈哈哈哈，我要笑死,79.6万,1902,679985
52,"超厉害编舞！Lady Gaga, BLACKPINK - SOUR CANDY | BLACKCHUCK舞团 [DANCE IN PUBLIC - 1TAKE]",40.2万,483,677976
53,“他长得像张艺兴”“我就是张艺兴”笑死我了！！,93.9万,1480,668528
54,爱奇艺腾讯前员工技术流分析：青你比创造营强在哪？,50.9万,1.6万,667738
55,陈冠希当年道歉视频 对比之前哭哭啼啼柯震东和小猪罗志祥 高下立判 话说道歉的一身搭配现在看来也还是很帅 visvim衬衫+fenom黑钻+dior西装 完美,87.5万,1569,659720
56,道枝骏佑  我可以喝你的可乐嘛姐姐～,36.1万,785,659315
57,"这就是传说中的绝世甜妹吗？爱了爱了｜【THE9 刘雨昕】总决赛《Yes,Ok》直拍",39.2万,3.0万,658295
58,山本瑠香--求求你别晃了 我晕,144.2万,73,656977
59,别忘了，他是一个演员,63.5万,1212,654986
60,"小宅Vlog | 青春有你2之""未来女明星们""的日常，全是你不知道的内幕",45.4万,6698,651004
61,【官方正式版】碧梨褪去外衣霸气回应身体羞辱：我的身体与生俱来，我的价值由我决定！,46.6万,523,647332
62,乘风破浪的姐姐，主题曲 9人对比版 张雨绮 蓝盈莹 张含韵 万茜 海陆 王智 钟丽缇 伊能静 沈梦辰 路拍 花絮,123.4万,3194,637689
63,【Heart Signal3】心脏信号3 高清中字合集(更至200624 E13中字）,84.5万,7.6万,625153
64,【创造营2020】这个舞台难道不值得出圈吗？《River》徐艺洋赵粤真的太绝了！,64.1万,4815,620988
65,【徐锦江】B站我来了！“硬核”圣诞老人鳌拜入驻了！,69.0万,1875,619331
66,【肖央】这是我的妹妹央央子，今天正式出道了！,86.1万,2783,618006
67,大家好，我是Ella陈嘉桦，今天入驻B站啦！,70.8万,4400,614919
68,【BLACKPINK】最新回归单曲《Drunk Butterfly》打歌现场混剪/你绝对没看过的粉墨打歌现场,59.8万,3039,605927
69,【非正式会谈】第六季 第8期上：一句你瞅啥？东北歪果仁打起来了,108.3万,3.2万,603357
70,【这就是街舞3】大型嘴瓢现场 | 语言界三巨头齐聚街舞3,47.8万,2557,597282
71,【徐熙媛】老娘这才是清冷小白花/绿茶都滚开！！,50.3万,697,596968
72,梁博，一个把演唱会办成军训的歌手,60.6万,2162,595950
73,没想到日本女优是这么走秀的？！！！这台步不忍直视。。。,51.0万,450,595367
74,这保安，一张嘴就是老色批了。,98.7万,1074,593396
75,2020了我还在为Beautiful的鬼怪ost现场版哭泣！！,35.7万,812,592823
76,万茜的半个娱乐圈豪华应援团是怎么来的,90.8万,979,592625
77,《SJ Returns 4》超清合集【更新至:E12.200612.中字1080P】Super Junior组合团综,39.6万,3571,591621
78,罗志祥名场面1,116.9万,270,591297
79,曾经我也想过一了百了--中岛美嘉,27.8万,2193,587534
80,【乘风破浪的姐姐】张雨绮&宁静怼人合集  姐姐们嘴炮能力MAX,94.3万,1109,586953
81,【杨蓉】看完你们的“渣女攻略”，B站我来了！,56.8万,4246,585638
82,【安利】24岁丁禹兮最走心最圈粉的一次访谈（浮夸嗨聊采访）,27.8万,3356,585029
83,感受到校长的快乐了吗？,75.1万,93,583024
84,李孝利疯狂吐槽女团歌曲歌词，看有没有你家中招的，笑死我啦哈哈哈,75.5万,1007,581505
85,2008年北京奥运会开幕式（高清全记录）,25.6万,2.3万,579547
86,【秦昊】张东升空降直播间  一秒吓退所有观众,83.5万,2108,577586
87,史上最强solo一键换装！神仙剪辑无人能敌！Jennie换装特效两开花颠覆你的感官！,40.0万,987,577153
88,大家好，我是巨石强森，今天我入驻b站了！,70.2万,655,576992
89,嗷嗷都给我进来 那些丁禹兮删过的 他可帅死我了,36.0万,1136,573077
90,【乘风破浪的姐姐第四组阵容】孟佳和王霏霏的《Hush》，姐姐我可以！,93.9万,565,570847
91,[TSKS]running man.E508.200621.中字,67.6万,2.5万,568322
92,陈卓璇能出道吗？大小活动不带她玩，“玻璃渣”威力真就有这么大！,61.8万,8851,563677
93,【新西游记全集】2015-2020全七季珍藏版大合集（1+2+3+4+5+6+7）（持更-S7-E11.20200103 最终回 马首欲东情殷盼寿 友贤心浩勋）,60.1万,2.4万,563105
94,杨超越《皇后与梦想》唱跳舞台直拍已经证明她是合格的爱豆了，谁赞成？谁反对 太好看了把！进步肉眼可见 【炙热的我们】,47.7万,1.3万,557340
95,这父子俩把红毯走出了傍晚饭后遛弯的感觉！,89.4万,96,555418
96,母女三角恋！20岁女儿PO文控：36岁岳母偷吃女婿  不愧是湾湾,80.9万,603,553992
97,17岁拿下影帝，43岁沉迷生活：我只是随心而做,57.4万,702,553723
98,惊！外表明明是世上最冷都市女...韩国人看乘风破浪的姐姐,74.9万,1380,553081
99,川普小儿子这颜值分分钟吊打娱乐圈,47.6万,618,552497
100,如果霉霉能再换上长筒靴连衣裙泡面头，在舞台上再唱一次love story，我想我会哭出来,30.4万,529,552032
