排名,标题,播放量,讨论数,得分
1,妈妈问我为什么要跪着看手机！,435.3万,9316,6633944
2,这才叫演员，那些骗钱的渣渣们还有脸演戏吗,604.8万,1.4万,6045737
3,“罪与罚的无限战争，经此一役，世间再无美利坚！”,207.9万,8398,5004799
4,一个人，造出让40亿人震碎的夜晚！,368.3万,3.2万,4936584
5,B站11周年特映《喜相逢》| 我们满心欢喜相逢在B站,364.1万,3.3万,3303202
6,我赌你的枪不会唱歌,195.0万,4462,2982786
7,【木鱼微剧场】《红楼梦》（全集）,111.3万,2.9万,2781800
8,这才是虐文女主！！！卧槽！！太美了,259.1万,8465,2711577
9,“此役过后，世上再无美利坚！”,561.4万,1.2万,2649826
10,小性子又爱哭的林黛玉 凭什么是第一女主？林黛玉好在哪里？究竟如何死的？红楼梦的结局是什么样？,112.4万,2.6万,2391710
11,"""他死于天门大开之际，来不及过二十岁生辰“ | 韩烁视角",120.9万,6548,2133952
12,“嗨 同志 您知道斯大林格勒在哪吗 我在地图上找不到它了”,209.1万,8778,2131611
13,自甘堕落的人，给他看看这部片,169.7万,1.1万,2043954
14,【高欲/野蛮/吻戏/混剪】今晚做梦的素材我为你准备好了,129.2万,2609,2037219
15,六月的雨 用沙画的方式打开《仙剑奇侠传1》,73.0万,7816,1891907
16,【更新至154P】【获奖微电影合集】收藏以后慢慢看，全球精品微电影丨短片丨短剧丨剧情片未满，持续更新,39.6万,9349,1868999
17,这就是美国! 这就是哥谭!! 这就是黑暗骑士崛起!!!,136.4万,3218,1860413
18,【片片】开播炸裂！小孩子玩弄变态杀人犯，国产悬疑终于能打了！过瘾解说《隐秘的角落》1-6,315.6万,2.8万,1847165
19,无  限  转  场,89.4万,2014,1837274
20,【甄嬛的一生】她好像赢得满面风光，又好像输得一无所有。,77.0万,3924,1772622
21,当西游记的BGM在中土战场响起。去他的魔戒，我要吹爆这支喇叭...,150.5万,6027,1670214
22,麻瓜慎入！这才是用魔法踩点！！！,70.0万,4311,1665507
23,他们 死在了祖国胜利的前夜,75.3万,1.1万,1653132
24,【Copycat】假如韩烁先穿越进书中改写了剧本 | 连续破车预警 |记得戴耳机| 腹黑心机向踩点| 赠等人的八口木,73.3万,2453,1639836
25,建议改成：花 垣 新 说 唱,82.3万,3544,1613790
26,有趣的灵魂400多斤，这部电影后劲太大了，看完可能会改变人生,135.4万,3229,1593740
27,用 她 的 血  ， 祭 奠 盛 世,55.8万,2502,1559420
28,每天一遍，防止早恋,163.1万,4137,1537817
29,每天一遍，防止早恋,155.9万,2903,1495999
30,专治不想写作业，有奇效,46.8万,3983,1461774
31,【处处吻】 愣着干嘛 进来白嫖啊,109.9万,2074,1425915
32,作者仅用两行文字，把小黄文变成悬疑小说。解说另类神作《爱的成人式》,118.0万,1.1万,1360935
33,你给的仇恨，让美国梦无法呼吸,132.4万,1.3万,1337593
34,仅用3分钟直接封神！霸占热搜！尺度爆炸！隐秘的角落到底好在哪儿？,292.4万,6545,1333385
35,2020最励志短片：绝对治好你的拖延症！,57.2万,2022,1304779
36,B站首个4K裸眼3D，抠了80小时，头发都秃了你说怎么办？,103.4万,1023,1302484
37,主席，我们想您了,89.2万,0,1299778
38,每天亿遍，防止早恋,62.9万,7018,1297511
39,【高燃/混剪】今朝唯我，中国少年郎,57.0万,7053,1288975
40,传闻中的陈芊芊｜没有感情的段子机器｜我被男主人设笑死,104.4万,9007,1287791
41,【传闻中的陈芊芊】这才是说书人正确的打开方式,97.9万,1699,1279105
42,“从今天起你就叫剑心，我来教你，我的剑术！”,91.1万,1239,1249158
43,这个世界上是真的有魔法的！！,59.4万,2566,1215880
44,“每日一遍 防止早恋”,124.5万,3447,1205943
45,美国现状，标准哥谭市，可惜蝙蝠侠来了也没用，烧吧,130.6万,3543,1200253
46,赛博朋克山海经,43.3万,345,1193789
47,龍,61.7万,8660,1156334
48,“你太干净了，你不懂。”,76.7万,982,1152450
49,16个细思极恐的细节，编剧导演简直牛逼到戳天了,105.4万,6134,1150545
50,【隐秘的角落·百万剪辑】杀戮之途·你就是我！将34380秒的故事提炼成9分钟的“险恶之旅”！每一秒都是壁纸！,57.8万,1590,1147697
51,如果我早点看这部剧，可能人生会有所不同,188.3万,1.1万,1141213
52,【刘老师】年度国产剧TOP1肯定是它了！细致解说9.1超高分悬疑剧《隐秘的角落》，谁能比秦昊更适合“衣冠禽兽”的角色？,239.0万,1.3万,1090496
53,【丁禹兮】玄虎城甜心教主 韩烁 | 小表情 挑眉合集 | HONEY,40.8万,2455,1081661
54,【敢信吗，毒液只是他演过最怂的角色】千面天王.汤姆哈迪（让我起来！）,131.8万,754,1081471
55,把这些都收入后宫，谁还上朝，混剪,91.2万,--,1067044
56,“到了最后 大英雄也没能抱得美人归” | 韩烁的十九岁 动了心殒了命 | 燃虐向台词向 | Eutopia双声道戴耳机 | 传闻中的陈芊芊,31.7万,1821,1059456
57,你们班男生自以为走路的样子vs实际上,188.4万,8952,1043317
58,诺兰蝙蝠侠《黑暗骑士》超两万字解析犯罪心理大师小丑！魔鬼细节彩蛋全解说！蝙蝠侠最后真的赢了吗！,38.7万,7054,1042768
59,得  加  钱~~~,111.3万,1319,1042420
60,【剧情粉碎机|车车预警】假如韩烁和楚楚成了婚，依旧喜欢芊芊 （双黑.传闻中的陈芊芊）,43.4万,1191,1021925
61,【培根悖论】带你看懂本世纪最佳科幻片《星际穿越》#4K#,59.4万,6443,1007359
62,这绝对是B站买过最亏的电影！,188.1万,8986,1001362
63,迪丽热巴不光被自己的混剪笑瘫，还讲起了鬼故事，毫无包袱！【bilibili星访问 第63期】,124.1万,2.5万,990917
64,“周星驰，你要跳舞吗”,63.3万,1050,990845
65,受够了，我真的不行了。好想逃。,53.9万,1711,976661
66,“现实永远比童话残酷.”,43.8万,1625,976634
67,每天一遍，防止抑郁率达99.999%,48.4万,876,959972
68,“你创造了我，但你却不懂我”,96.9万,713,950138
69,【老邪吐槽】疯狂注水！逆天吐槽毫无逻辑的《幸福触手可及》,103.6万,1.5万,944254
70,“ 死 • 欲 • 生 ”------丝滑踩点/黑化,30.8万,982,940663
71,【美国示威游行暴乱】升起大桥，蝙蝠侠小丑惊现街头，军队介入，全城暴动，2020美国哥谭市实体化达成,142.4万,1729,939046
72,“雕虫小技竟敢班门弄斧，大威天龙！！！”,145.0万,1544,938135
73,【阿斗】竟然有4种结局！全面解析神作《蝴蝶效应》2位导演一生只拍过这一部电影，但足够了！,91.6万,7495,935385
74,【舒畅】老娘15岁就开始演96岁老太婆了/还有谁？,148.3万,1738,927490
75,最豪横的法海，一言不合就大威天龙,147.2万,2607,918356
76,没见过做宣传还带怼人的,61.7万,583,913764
77,柳如眉，云似发，鲛绡雾縠笼香雪。,77.1万,876,900999
78,【致敬轩龙鸽鸽】极度舒适的踩点和无缝衔接,41.5万,1470,893507
79,【1080p高清】传闻中的陈芊芊（品味爱情！）【0527糖点合集更至20集】,59.6万,7304,881274
80,妈妈我真的在看动画片啊,81.0万,2232,875149
81,看完后我的世界观又崩了,92.3万,1008,873227
82,【隐秘的角落】争取全网最全细节解析，朱晶晶坠楼早有暗示，普普是好人？朱永平不爱朝阳？严良真简单还是早有预谋？一一给你证据答复。,76.2万,4200,870379
83,【现代版 武林外传】今日“血洗”同福客栈！,71.6万,1281,861860
84,这TM才叫经典！！,82.9万,5024,858533
85,每天一遍，防止早恋,105.5万,2687,856641
86,我的小主人死于大婚前夕，她只是睡了一觉，却再也没醒过来,48.1万,721,854177
87,再无美利坚】你是要当一辈子的懦夫还是英雄，哪怕只有几秒钟。,54.6万,814,853160
88,她们努力起来的样子，你根本想象不到,53.1万,4187,850453
89,日本讽刺短片《你的善良一文不值》,59.8万,3913,849765
90,我翻拍了《上海堡垒》，五毛钱特效能否挑战1.24亿票房？,84.9万,1384,845351
91,阿强的停车场保安之旅,144.2万,2058,843285
92,结局改写｜自始至终都是韩烁,33.5万,719,842444
93,野心大！讽刺偶像剧现状！《传闻中的陈芊芊》这部沙雕不简单,153.2万,9349,824913
94,史诗！10分钟从上古之战到溥仪退位，中国历史年表超燃影视化混剪！,31.1万,4358,823654
95,DYSTOPIA_反乌托邦——2020毕业设计,28.6万,816,817174
96,黄胶鞋、七分裤、山羊胡子“刘海柱”精彩合集,73.6万,2945,813003
97,【张飞×林黛玉】“待我去屋后放一把火，看她起不起来！”,61.4万,3050,811801
98,疫情!那个红色帝国复活了！,100.9万,7259,809563
99,【白蛇：缘起】真人版 姑娘 你的珠钗掉了,52.6万,1677,807442
100,【传闻中陈芊芊】当我们全家人一起看传闻中的陈芊芊时会发生什么|沙雕向,63.1万,5916,805497
