排名,标题,播放量,讨论数,得分
1,相 机 大 战,217.3万,1.1万,3355046
2,B站最全面完整的亲妈级电脑教程，从零装一台完美电脑,47.6万,1371,2688262
3,花7万元买下60台手机，看看移动芯片谁强谁弱？！,70.7万,2.1万,1795715
4,【装机】2020年中电脑配置推荐,76.2万,1.3万,1759584
5,卡吧14级8年老人推荐的1千5~4万共22套618配置单+3万字注释,29.8万,1099,1223213
6,10分钟拍大片挑战！[LKs+影视飓风+十音+林海音],69.6万,3.2万,1181160
7,52赫兹的鲸,47.2万,965,1073910
8,落月 雪山 云海 瀑布 山川 星空 大海,23.8万,955,1058891
9,【收藏不亏】2020年大学生笔记本选购推荐全攻略进阶版！15分钟从小白到大神！6.12更新,35.3万,3434,906084
10,【装机教程】这可能是你能在网上找到最详细的装机教程,34.6万,596,852196
11,"这十个软件,让你的电脑舒适度提升1400%",22.4万,527,757286
12,OPPO联名EVA没内味！死忠粉掏出11年前考古机，告诉你什么叫联名！,52.2万,6568,748996
13,iOS 14上手体验,75.9万,4852,742406
14,"【桌面神器】618值得买的10个""桌面好物""！",47.1万,3532,728188
15,「小白测评」年中大盘点 2020上半年什么手机值得买？全价位推荐指南,65.6万,1.0万,708526
16,11款神级软件，让你的电脑体验提升8800%,19.0万,357,679818
17,【爱否评测】千元级人体工学椅横评：如何保护你那年轻的「老腰」？,36.8万,2779,674224
18,【4K 120FPS】超高清！这是这个蓝色星球本来的模样,38.7万,1534,642965
19,【小泽】iOS 14体验：桌面插件来了！AirPods Pro超神了,86.8万,1.6万,626300
20,耗时两年，4k超清星空延时-星动中国,17.4万,1460,607271
21,【收藏向】6分钟让你学会构图，拍照萌新变摄影大师！（手机摄影和相机摄影构图技巧）,13.3万,461,606423
22,空调选购指南 | 先看评测,26.0万,4240,582167
23,这款喷子你们一定会喜欢！,98.0万,68,570384
24,睡前必看，带你坠入ISLANDIA的世界，摄影师Vadim Sherbakov的冰岛奇幻风光短片,16.5万,360,567295
25,【4K 120FPS】你的设备顶得住吗？4K120帧技术演示片,46.9万,3417,563402
26,【小白开箱】耗时两个月！小伙苦苦寻找，终于买到了华为P40pro+的海外特供版！,47.0万,3708,559816
27,【科普】免费的性能提升！一串代码提升40%性能？谣言还是事实？,23.6万,203,548886
28,听说我电脑坏了 华硕ROG给我寄了台4W的电脑,34.0万,2761,532404
29,爷青回！这该死的游戏青春啊～【BB Time第277期】,36.2万,8195,528833
30,【何同学】我用一万行备忘录做了个动画...,40.3万,1937,525362
31,拿到华为P40 Pro+的第一个星期，我们干了些啥？,31.9万,2989,522502
32,「花生説」安卓系统只有MIUI和其他【2020年上半年旗舰系统UI篇】,41.8万,9396,519206
33,叮！3千到3万618装机配置单，总有一套适合你！！【游戏向】,27.4万,7152,516220
34,真智商税？用完这个键盘我裂开了！,64.1万,703,514627
35,【那岩】如果 摆摊 你想卖点啥？出摊,65.7万,2460,512759
36,我猜你一定不会使用iPad的虚拟键盘？,18.8万,1649,512382
37,魅族17 再不买就来不及了 从“比肩苹果”到“珠海小厂”需要几年？ 4K,40.6万,2382,504101
38,新iphonese的取卡针就是一根铁丝……,70.5万,98,497846
39,【短的发布会】米6老矣！MIUI12海外发布会吊打一众后台流氓APP,57.1万,2459,484780
40,【脑瘫也要搞开箱】既便宜又节省空间倍思屏幕挂灯开箱体验,37.1万,1198,482835
41,实锤！华为P40Pro的1920帧超级慢动作作假吗？我研究了一个多月「胜利出品」,32.9万,4499,478183
42,【ITX电脑改装】藤原豆腐店,26.8万,1938,471719
43,高性价比 桌面分享,22.2万,610,470778
44,太大,58.2万,64,466882
45,「科技美学」6台3000元段主力旗舰手机对比测评（下)  |  小米10/一加8/魅族17/华为nova7Pro/OPPOAce2/realmeX50Pro,50.8万,1.2万,465465
46,【iPad】用 Procreate 自制片头动画 | 十分钟内轻松上手! | 满满干货 | 用动画为你的视频添色吧~,10.1万,185,459683
47,用MIUI放个烟花,57.6万,38,450498
48,你有被坑过的经历吗,52.9万,15,436499
49,【笔吧评测室】一位热心粉丝给我寄了一台真正的电脑,39.3万,4950,435381
50,又见雷雨…,27.7万,847,433064
51,【阿牛评测】999元最新神机？给长辈换一部手机？Redmi/红米 10X 4G版首发开箱体验,36.9万,3442,429968
52,「趣体验」Flyme 8.1 VS MIUI 12深度评测，谁是最强安卓系统？,30.0万,7929,425754
53,原创巨制!人类历史上最迷人的iPhone历史讲解动画,12.6万,4317,410708
54,【猿】3899怎么没有了？升级去了,39.6万,1846,409671
55,三星银河系S21：他们终于做到了！,49.8万,684,407737
56,"【4K-装机教程】全网最清晰,最详细,而且没有一句废话的装机教学视频",7.5万,443,395085
57,三星Galaxy手机,47.8万,14,393504
58,【全程高能】iPhone12：理性分析，全面预测！高刷屏，无刘海，四摄，A14，需求与技术，理性预测，全程干货，建议提前喝水！,24.1万,2215,388431
59,三星Galaxy z flip使用两个月后出现折痕,46.1万,201,380542
60,“1韦”你选小米10还是一加8？,24.2万,2045,378656
61,有可能是最快的一次手机维修,45.3万,14,375118
62,这就是我选择苹果手机的原因,44.3万,145,374788
63,SAN值狂掉！慢镜头下的水球爆炸,30.5万,429,355502
64,「萝卜开箱」用iPhone 4S在上海过一天是什么样的体验？,23.5万,1835,351583
65,玩转win键，你也是电脑高手。,15.9万,89,350391
66,15款神级软件，电脑使用体验提升9999％,10.2万,328,341424
67,手机去世器！,39.4万,67,340280
68,真丶深度体验。用了2K144hz IPS显示器，曾经震撼的1080p全高清还能看么？,23.6万,1765,335801
69,【HotGuys】从iPhone SE2又换回11 Pro 512GB国行是种怎样的体验？,23.2万,3454,333306
70,胶片写真全记录！上海弄堂 | 充满生活气息的照片,20.5万,368,330152
71,淘宝上比官网便宜1000多的iPhone11，能买吗？我们连买了5台……,28.5万,2288,328991
72,【保姆级&装机教程】挑战：bilibili上最能让新手听懂的装机教程！还学不会，我半夜去你家....,8.4万,472,326799
73,大司马展示电脑配置 被弹幕嘲讽5000不能再多，垃圾广告弹窗游戏掉线样样具备,36.3万,1998,325097
74,10个苹果CEO强迫我安装的iPhone iPad软件！F.2020 最新推荐 APP,12.1万,451,322898
75,笔记本性能太差怎么办？只要500元！外接显卡畅玩3A大作！媲美雷电三!【硬件终结者01】,24.7万,1124,320497
76,5700XT免费升级2080Ti＋10900K！良心华硕？年度最佳理财产品！华擎全新显卡自带指纹？AMD全新显卡自带曲线挡板，独一无二背板标识!,20.8万,3434,316139
77,〖穷学生装机首选〗性能、颜值、体积、性价比，一个都不能少！！,16.1万,310,308488
78,标 准体验/想买iPad pro？学长给你最全的iPad选购建议！iPad pro2020体验报告 选购指南！,21.3万,728,306488
79,两万台苹果新款手机毁于一旦，商家损失过亿，然而真相却是...,32.2万,496,304600
80,【UNCLE疯叔】没有乔布斯就变味了？iPhone没亮点没创新？苹果快倒闭了？一位十年的苹果老用户跟你谈谈他现在眼中的苹果。,14.7万,2644,302268
81,【创意摄影】Jordi2020年的10个创意点子,15.7万,95,292386
82,618该怎么买电脑性价才能最高？而且即稳定又便宜,19.1万,608,290200
83,流氓行为，我们中国的浏览器太厉害了！,29.4万,359,286576
84,国产海光处理器背的难以启齿，真机实物上手简评，奇葩硬件说。【诗昆君】,23.2万,1245,279923
85,500元搞定配音，唱歌，乐器录音，全网最低价的专业录音设备组合！【音频加油站】,6.5万,349,275890
86,电脑店套路  假如电脑商家说真话8,25.9万,249,274296
87,男子挑战半藏森林式 纯欲拍照法 是什么效果？✦姜弦志SKWIN✦,17.7万,1898,273065
88,去小米之家大喊一声小爱同学会怎样？,28.4万,62,272935
89,2020年618手机购买指南【bonjour呼呼】,23.3万,1190,271408
90,【相机入门01】用珍珠奶茶理解光圈快门ISO，5分钟学会摄影曝光基础,6.7万,132,271214
91,十二台扫地机器人一起扫地？画面惨不忍睹……,26.9万,622,268970
92,我买的不是手机，是祖宗！,29.2万,2,266593
93,【零基础手机摄影教程】拿起手机拍电影，华为零基础手机摄影课程开课了！,11.5万,441,263142
94,粉丝14块钱豪赌1080ti拿来给我练练手，人品爆发啦！（智强显卡工作室）,26.0万,839,261580
95,雷军：早上好，我才是米6最强“钉子户”,26.2万,1208,260477
96,【官方双语】丢人丢到家了——向Epic CEO谢罪#linus谈科技,23.0万,817,257589
97,【无聊的开箱】手机散热器能结冰？除了游戏测试，我们还把它爆改成了冰箱！,23.5万,2262,257383
98,华为插上充电器的瞬间,27.6万,45,254813
99,建议改为: 秽 土 转 生,22.9万,674,252253
100,很魅族，又很不魅族——魅族17 Pro 深度体验【4K】（纯主观 不客观）「木羽体验报告」,17.3万,2950,249006
