排名,标题,播放量,讨论数,得分
1,iOS 14上手体验,75.9万,4852,742406
2,B站最全面完整的亲妈级电脑教程，从零装一台完美电脑,12.9万,344,688009
3,【小泽】iOS 14体验：桌面插件来了！AirPods Pro超神了,86.8万,1.6万,626300
4,红米X55 荣耀X1 电视对比评测,25.3万,6339,569954
5,"【首发】开箱169元""小米屏幕挂灯""！不输千元挂灯！",41.6万,4241,490346
6,【短的发布会】 你绝对玩过的苹果全新版本，iOS 14桌面小插件领先安卓10年,49.6万,2046,481159
7,「小白测评」昔日霸主 HTC&索尼的没落之路 手机简史12,20.7万,6911,435746
8,AirPods Pro更新了3D环绕立体声？那得先用这个耳机来体验。【值不值得买第436期】,34.7万,6050,433481
9,这款喷子你们一定会喜欢！,48.4万,33,402092
10,"【4K-装机教程】全网最清晰,最详细,而且没有一句废话的装机教学视频",7.4万,441,394271
11,「科技美学」iOS14快速体验 苹果历代界面最大改变,44.8万,8274,392544
12,"这十个软件,让你的电脑舒适度提升1400%",10.5万,237,392354
13,相 机 大 战,24.3万,529,361931
14,【猿】不赚钱，就交个朋友。5366这套配置行不行？,34.0万,2504,350646
15,淘宝上比官网便宜1000多的iPhone11，能买吗？我们连买了5台……,28.5万,2288,328991
16,笔记本性能太差怎么办？只要500元！外接显卡畅玩3A大作！媲美雷电三!【硬件终结者01】,24.7万,1124,320497
17,【ITX电脑改装】藤原豆腐店,17.6万,870,312048
18,两万台苹果新款手机毁于一旦，商家损失过亿，然而真相却是...,32.2万,496,304600
19,这么豪横的档口老板娘第一次见,32.6万,39,300818
20,可能是你见过最硬核调色教程，7分钟成为曲线后期大师（收藏向！曲线工具为例讲解调色原理，你从未听说的曲线调色技巧）,5.5万,404,298833
21,国产海光处理器背的难以启齿，真机实物上手简评，奇葩硬件说。【诗昆君】,23.2万,1245,279923
22,雷军：早上好，我才是米6最强“钉子户”,26.2万,1208,260477
23,52赫兹的鲸,10.4万,204,254045
24,【小白开箱】多年前风光无限，如今堪比山寨机！落魄巨头发新机：酷派cool10,22.2万,2464,252398
25,落月 雪山 云海 瀑布 山川 星空 大海,6.3万,210,251125
26,【酷玩】夏天到了，你的笔记本电脑该清灰了！,9.7万,334,242108
27,"「官方中字」WWDC 2020 主题演讲, Apple 特别活动 - 2020 年 6 月",15.9万,1.2万,236313
28,啥才是真正的水冷,24.6万,23,229841
29,装     机     笑     话,17.9万,258,229700
30,【诚意之作】全职UP主三年，我专门给新手做了一套视频剪辑课 by 极地手记,6.5万,506,225654
31,【影视飓风】手机90分钟短片拍摄挑战,16.5万,2237,224731
32,【苏星河】蚂蚁森林真的是公益软件吗？,14.4万,1284,222365
33,【HotGuys】小米10 Pro、华为P40 Pro与一加8 Pro之国产旗舰大对决！,16.2万,6117,220201
34,【大米评测】越来越安卓？iOS14 体验评测 对比 iOS13,17.2万,1760,214227
35,【装机教程】这可能是你能在网上找到最详细的装机教程,8.4万,180,204189
36,100倍的距离 谁还能远程教你停车入库?,21.2万,38,202240
37,翻盘？11代酷睿i7跑分泄露：4核战平8核锐龙7 4700U，核显性能领先35.6%,19.1万,869,198769
38,〖穷学生装机首选〗性能、颜值、体积、性价比，一个都不能少！！,10.2万,164,195090
39,【享拆】索尼Xperia 1 Ⅱ拆解：质感有余，骚气不足,16.5万,2965,195009
40,注意了买iPad Air或iPad Pro送AirPods2 苹果返校活动归来 这次有点香等等党好吧你们赢了,18.3万,41,190805
41,【装机】2020年中电脑配置推荐,9.9万,514,188143
42,苹果WWDC20全球开发者大会——全程回放,12.8万,4,182428
43,【iPhone SE2】                                             薛  定  谔  的  续  航,12.2万,176,171260
44,装机吗？一键升仙的那种，这电脑有仙气，RGB简直弱炸了,10.3万,676,170955
45,【创意摄影】Jordi2020年的10个创意点子,9.8万,45,169971
46,我升级了iOS14后 Siri觉得自己又行了,15.7万,271,163967
47,科技美学开箱 airpods plus,15.4万,605,160449
48,有线充电和无线充电同时进行会发生什么？,16.3万,162,160069
49,百大UP遇到的音频问题？你也会遇到！【4K硬核教学】,11.5万,680,158397
50,10代酷睿i3-10100、i5-10400上手评测【翼王】,11.8万,1159,156754
51,【零基础手机摄影教程】拿起手机拍电影，华为零基础手机摄影课程开课了！,6.4万,208,156563
52,打造我的游戏房Ep.3 （完结） 梦想屋竣工,7.5万,673,155322
53,9分钟看完2020苹果WWDC发布会【那岩KJMX】买一台顶三台！,14.3万,1594,150378
54,我准备把笔记本焊死的显卡跨代升级，如果成功性能提升100%,13.2万,974,147200
55,「萝卜开箱」用iPhone 4S在上海过一天是什么样的体验？,9.3万,575,140400
56,iPad/iPad Pro必备配件分享 - 2020 | 书包/保护膜/支架/读卡器/键盘,8.7万,350,138676
57,【何同学】有多快？5G在日常使用中的真实体验,10.1万,618,136985
58,「趣看发布会」苹果WWDC 2020开发者大会，母公司技术下放，苹果安卓时尚轮回，罗老师在线指导。,9.7万,916,136981
59,小米智能门锁E把我们困在家中后续,13.6万,528,135475
60,【脑瘫也要搞开箱】既便宜又节省空间倍思屏幕挂灯开箱体验,9.3万,336,134666
61,睡前必看，带你坠入ISLANDIA的世界，摄影师Vadim Sherbakov的冰岛奇幻风光短片,3.9万,79,133739
62,【官方双语】机械硬盘的末日？8TB M.2 固态硬盘#linus谈科技,12.0万,758,132226
63,当你对着语音助手说友商的好话，它会有啥反应？,10.6万,1495,131150
64,【收藏不亏】2020年大学生笔记本选购推荐全攻略进阶版！15分钟从小白到大神！6.12更新,5.3万,584,127131
65,中正评测：超级性价比：5799元！惊！戴尔G5 SE游戏本外观展示，R7-4800H、RX5600M,11.5万,1369,125105
66,可惜了一个国产屏,11.2万,56,124149
67,「花生説」【收藏向】老法师闲鱼不翻车法典（买家篇）,5.5万,378,121926
68,卡吧14级8年老人推荐的1千5~4万共22套618配置单+3万字注释,3.5万,41,120966
69,没钱买摄影器材？其实你只需要一部手机和这些东西__「自制滑轨和摄影灯」,4.5万,1869,116940
70,红米疯啦！卢伟冰太狠了！799元起步的Redmi 9，你让其他千元机怎么活！,10.9万,539,114629
71,用MIUI放个烟花,11.3万,9,113719
72,升级到iPadOS 14后的最大变化! feat. 开箱Apple Pencil iPad Pro 12.9寸,7.8万,777,113505
73,刚更新了iOS.14.比WWDC里的难看,11.1万,97,110772
74,500元搞定配音，唱歌，乐器录音，全网最低价的专业录音设备组合！【音频加油站】,2.5万,117,109350
75,"垃圾姥用1000元给粉丝装一台畅玩CSGO,LOL等腾讯游戏全家桶的电脑 。结果……",7.5万,457,107622
76,小爱同学VS微软小冰 两个智障尬聊了十分钟,8.7万,194,106601
77,玩转win键，你也是电脑高手。,4.7万,23,106333
78,【iPad】用 Procreate 自制片头动画 | 十分钟内轻松上手! | 满满干货 | 用动画为你的视频添色吧~,2.4万,46,106135
79,【海缤说】iPhone6s升级iOS14体验：这或许是钉子户的最后一个更新,9.5万,539,103863
80,关门时手机被门夹断了,10.2万,16,103571
81,4000块买个便携显示器！？败家之眼丧病显示器XG17上手体验,7.6万,1851,103304
82,【朝鲜纪实】大三学生带你看从未见过的朝鲜·纪实摄影照片集分享,5.3万,206,100693
83,[Gawx]重制一个iPad，给老爸惊喜,8.2万,154,100184
84,城市延时大片，学会思路用手机也能拍！,4.3万,73,100000
85,假如二手贩子说真话,9.4万,13,98974
86,你真的会用iPad的分屏侧拉吗？？？,6.2万,122,98759
87,只比自己DIY贵几百块，可以放到包包里的10代U品牌ITX主机，微星海皇戟电竞主机上手体验.,8.5万,1481,98002
88,电脑店套路  假如电脑商家说真话8,8.1万,57,93785
89,iOS14&MIUI12流畅度与速度对比，A13跟骁龙865谁更强呢？iOS14会更快吗？,8.6万,503,93055
90,ios14巨大图标BUG,8.9万,97,92968
91,管她叫iOS还是iPhone OS，还是那味就对了,6.9万,547,92749
92,新iphonese的取卡针就是一根铁丝……,9.2万,0,92741
93,是你吗？我眼中手机爱好者的一生。,4.4万,1346,92551
94,vivo X50 Pro影像测评：我用它拍了一部短片，微云台也不过如此，真就智商检测机了呗（对比OPPO Reno4Pro 小米10Pro 华为P40Pro）,6.5万,1167,90663
95,甘肃卫视PCCY手机广告,8.0万,1379,88743
96,日环食高清视频 | 风光摄影师也会大喊“卧槽”系列,6.1万,793,88498
97,华为全球最大旗舰店落户上海：真的太有钱了，比苹果店好！,7.9万,721,87833
98,【大家测】男主播懵了...200块手写笔居然比肩Apple Pencil,8.0万,547,85530
99,耗时两年，4k超清星空延时-星动中国,2.8万,224,84695
100,两个摄影师拍同一个模特 | 上海老洋房里的一天 | 复古风人像大比拼,5.4万,384,84156
