排名,标题,播放量,讨论数,得分
1,10分钟高效瘦大腿根运动，躺床练出大腿缝，亲测一周见效！膝盖友好，无器械～,25.8万,1002,1455169
2,【兔叭咯】住手！别再挤黑头了！祛黑头正确方法原来是这？！,20.6万,--,323874
3,把「圆肩」当「驼背」，越纠正，斜方越大,5.8万,467,238646
4,为什么你不上镜？,14.0万,281,213808
5,【一遍就会】温莎结的系法、搭配心得,5.5万,86,210820
6,每天5分钟 *告别骨盆前倾，小肚子突出，大屁股*,3.9万,64,180030
7,1天瘦腿安排，我躺着瘦了3CM,4.1万,38,159220
8,【中字】帕梅拉15分钟复古有氧舞蹈操！新手友好！欢乐瘦身！（Pamela Reif）,6.4万,153,153628
9,每天10min，轻松get直角肩＋少女背! 消除猥琐斜方肌!圆肩驼背必看！,6.4万,406,141031
10,这就是仙女裙吗？普通身材探店网红小裙子！时尚噩梦！,11.4万,7077,139101
11,74岁老太的惊天巨变，你敢相信吗！,11.1万,271,132956
12,芦荟灌肤 好可怕,12.8万,145,129264
13,【减脂必看！】21天高效减脂丨如何规划饮食运动丨调整心态  拒绝复胖,5.9万,71,124813
14,【OO】普通缅甸人 VS 保守缅甸人,8.7万,2836,114589
15,小时候超喜欢耳朵两边挽两个环的发型，感觉特别温婉百搭呢！,6.5万,166,108820
16,【JK+LO】又来了！3周目的卡点变身！超多裙子总有你爱的？内含JK、Lolita、地球人|皮卡小可爱,6.8万,251,108732
17,【去后背痘痘】推经改善内分泌 三个有效方法,7.2万,37,103745
18,日本美容师教你正确祛黑头 10分钟告别草莓鼻,3.3万,114,93178
19,20年XO型腿还有救！超详细直腿教程 每天跟练 一个月肉眼见效果,2.5万,25,93007
20,表演系女生教你：为什么电视剧女主的头发永远那么蓬松？,5.4万,258,89534
21,关于我的24个问题 | 理想型？留学经历？爱用品分享！Q&A,7.2万,284,88924
22,10分钟改善斜方肌粗大、溜肩圆肩富贵包、背厚、肩颈背疼痛、高低肩！【周六野Zoey】,4.2万,289,88911
23,【清华学长】别买！这些去黑头的产品都是虚假营销！,5.8万,63,88280
24,总共48双！NB600元超份量闷包开箱！,5.9万,670,84248
25,内衣显大第一位？要是选错都白费！全种类夏日内衣推荐,5.2万,347,81953
26,好日系一帅哥，猛男换头,5.0万,133,81378
27,这些网红单品千万别买！梨形身材省钱攻略|雷品吐槽,6.3万,373,80444
28,老佛爷用美人计搞垮圣罗兰？时尚圈第一帅哥圣罗兰那些不为人知的八卦《圣罗兰 Yves Saint Laurent | 第二章》SLP 老佛爷,4.5万,386,76025
29,欧阳春晓本人已授权   少女背 直角肩 斜方肌  去头尾  自用侵删,3.1万,96,75491
30,不是吧这位朋友,7.3万,26,75236
31,男人促睾食物TOP10，菜篮必备,3.7万,105,74208
32,大腿前侧粗壮凸出小腿肚向后突出腿形不直必练一周见效的教程！,2.1万,77,72353
33,躺床8分钟高效瘦腰虐腹！快速练出马甲线/沙漏腰（跟练版）,2.1万,686,71769
34,连这么硬核的POE都有人cos？流放之路蝶舞【六二二】,4.9万,115,71220
35,减肥老司机教你如何瘦身不减胸！你真的了解自己胸的类型吗？,3.5万,159,70194
36,"大家好，我是捷克""谐星""大KK，我正式入驻B站啦！（结尾有彩蛋哦~）",5.8万,223,69640
37,辣Lisa和Bella Hadid同款｜ins小众牌With Jéan素人能驾驭吗？163cm53kg 蓝色夏日碎花裙｜网红牌性感穿搭测评,4.9万,95,68773
38,在床上就可以做的20分钟特快瘦大腿操  2星期内明显见效【Coffee林芊妤】,3.5万,363,63972
39,海鸥洗头膏# 国货当自强 ，还需自身硬。讲过年轻人不知道的,5.7万,183,63303
40,8款夏日手残发型合集| 夏日懒人实用发型 清爽元气每一天,1.2万,31,61301
41,每天5分钟【30天瘦手臂】一周见效get天鹅臂，带练+讲解帮你告别拜拜肉|消副乳|瘦胳膊|蝴蝶袖,1.2万,28,60873
42,【Thenx】父亲节训练2020,4.8万,276,60656
43,【烟染】45天复刻一套延禧攻略富察皇后的龙纹袍,3.1万,137,60591
44,【张予曦】新晋健身UP主上线！变美变瘦，和我一起吧！,2.9万,42,60240
45,Pamela帕梅拉一周运动计划｜新手友好（每日分P）,2.1万,64,58934
46,如果没拍摄，没有人会相信,4.8万,60,58857
47,伯贤Candy让美妆与Kpop碰撞！【美妆MV篇】,1.9万,66,58534
48,艺术系女生都怎么穿？|背地里都是小心机的设计感穿搭购物分享,3.4万,60,57256
49,睡前「鸡尾酒式瘦脸法」瘦咬肌、去面部水肿、正体态，堪比整容！,1.4万,49,55730
50,瘦腿课表（美丽芭蕾外侧+内侧+第三套+第四套+美丽芭蕾拉伸）,3.2万,329,55284
51,【干货】营养师告诉你这些热门保健品到底有没有用！|哪些是智商税？|葡萄籽|胶原蛋白液|酵素|美白丸|月见草,3.5万,48,54514
52,肾气不足这样躺，坚持10天，提升肾气，身体1天比1天好,2.5万,44,53940
53,【半佛】买不起奢侈品就是穷人吗？不，是聪明人,2.7万,180,53818
54,无广！我最常剁手的20家店铺分享！,9757,13,53692
55,帕梅拉 莱孚 - 欢乐啦啦歌  训练 - 热身运动/无器械 (Pamela Reif Official),2.3万,29,53562
56,【知乎高赞】如何纠正含胸、驼背、头前伸？,1.3万,17,51739
57,硬核对线！花我的钱，整我的容，请你闭嘴吧！,3.2万,1186,51211
58,体态大师：气场女王2020改善驼背、头前伸、斜方肌大、瘦背、瘦手臂、脖子拉长,1.6万,51,50125
59,我的名字是爱蜜莉雅，仅仅是爱蜜莉雅,3.7万,55,49829
60,【更新1p，告别蝴蝶袖】美丽芭蕾 天鹅臂 累断手,3.4万,271,48450
61,帆布包大合集| 第二弹 |  有腔调的春夏帆布包 & 布兜儿 |  春夏包包合集 | 帆布包,1.8万,30,48411
62,【瘦腿】拒绝大粗腿，全程变化＋方法实录，每天30分钟躺瘦,1.2万,32,48241
63,最爱的六双百搭鞋子分享~超级日常！,3.6万,91,47197
64,帕姐帕梅拉 有氧舞蹈系列燃脂 45min 自用,9172,5,47085
65,宋祖儿化妆师给我换头！烂脸女孩变身当红小花出道？【易烫】,3.0万,128,46823
66,蔡徐坤5套万元造型 小伙平价复刻 真变帅了？？,3.8万,1115,46023
67,"人也会“发腮”？为什么脸会越长越方！颜值美学干货，解析“脸方""的秘密",3.3万,170,44736
68,麻瓜禁入X生而优雅 纯血巫师们的集会,2.4万,106,44676
69,可爱到无语！日系轻混血小恶魔三倍大眼妆容,2.8万,56,44167
70,【sakura】188cm高个女生jk制服分享,3.5万,80,43511
71,12分钟枕头训练，改善圆肩驼背,1.5万,58,43075
72,【干货】鸡皮肤可以根治吗？医学硕士教你3步摆脱鸡皮肤！,1.4万,219,42850
73,杜绝廉价感！5个知识点教你避免穿那些看起来就很便宜的衣服,2.6万,160,41344
74,狂买10件，终于淘到质量堪比优衣库的t恤了！ | PPHOME | 淘宝探店 | 均价30 | 学生党 | 小个子穿搭 |,2.7万,24,41300
75,【婶婶】男二系列变装合集来啦!！,3.3万,129,40417
76,国际教练告诉你为什么哪都能瘦就是不瘦腿【瘦腿系列一】,1.3万,23,38792
77,【25岁前极力想避开的坑-下】同居要注意的事情｜如何表白后不会尴尬,2.8万,140,38774
78,120斤女生挑战BM风，体会了什么叫瞬间崩溃……,3.4万,214,38688
79,消除大肚腩，跟啤酒肚，小肚子上肉肉说拜拜。跟练版。对大体重，运动能力弱的伙伴友好。,8839,18,38530
80,刷酸去黑头的正确姿势 | 科学安全刷酸大法,1.7万,29,38257
81,"价值26800彩妆课!错把油皮当干皮,被自己蠢到锤胸口…【linlin】",1.7万,299,37980
82,斜方肌厚怎么消除？专业教练演示如何让会员秒变直角肩,1.4万,24,37973
83,你是冷皮还是暖皮？每个人都应该要知道 ｜ 5种方法判断,2.4万,149,37644
84,【长江以南】清透日常滴蜜桃妆｜简简单单新手也可学,2.1万,30,37592
85,【醜】超！干！货！cos下睫毛教程 | 总有一款适合你 | 简单易懂 一看就会！！！（内附偷懒式假双教学）,6524,13,35711
86,【May】为夏天准备的10件百搭夏日T恤｜各种花色任你选择,2.4万,426,35645
87,天哪！让我瞬间从黄皮变白皮的唇釉？！干唇姐妹快来！,1.9万,114,35320
88,【尤尤娜】180cm高个子夏日也想做法式甜甜少女|淘宝平价服饰购物分享 法式穿搭 学生党穿搭 夏日甜美穿搭,2.6万,26,35211
89,最有效的学生党减脂，每天只要15分钟|48小时持续燃脂,1.6万,42,35192
90,5双我最爱的平底鞋| 百分百舒适又好搭| 夏日出街吸睛神器,1.8万,36,35092
91,初入职场必备的通勤穿搭,2.2万,53,34903
92,【ALEX】一夜狂掉3万粉！是被陷害还是另有隐情？我真是要吐了,3.2万,76,34551
93,越沉肩，斜方肌越大｜瘦肩膀科学排雷避坑,1.2万,26,34482
94,住北京五环外，睡沙发，月薪两万就这就这就这？？？,2.8万,98,34473
95,吐血解析缩鼻法！如何针对性修饰鼻翼宽、鼻头大、露鼻孔？找准适合风格！变美干货解析教程不整容缩鼻法，拥有小翘鼻拯救鼻型不好看,1.2万,70,34426
96,【夏日耳饰分享】各式平价仙女款式分享！带上秒变小仙女的buling款 精致又显脸小的日常款 晶莹剔透的多肉葡萄 还有迪士尼在逃公主复古款~,2.2万,57,34275
97,待你长发及腰，我咔嚓一剪可好？美女变帅哥属实有点爽,3.0万,323,34269
98,康复专家手把手教学，「石原里美」式下颌线！（P2完整跟练）,1.8万,245,34000
99,一双高跟鞋能有多百变,2.2万,5,33973
100,【6天减14斤】真实记录，不运动不节食，我的方法！,1.9万,53,33563
