排名,标题,播放量,讨论数,得分
1,躺床8分钟高效瘦腰虐腹！快速练出马甲线/沙漏腰（跟练版）,100.3万,1.8万,3984977
2,【中字】大象腿有救了！帕梅拉15分钟瘦腿训练，紧实大腿内外侧！（Pamela Reif）,111.6万,4315,3911618
3,每天10min，轻松get直角肩＋少女背! 消除猥琐斜方肌!圆肩驼背必看！,228.5万,1.6万,3702292
4,8分钟简单高效瘦胳膊运动，还能练出锁骨、直角肩，消除斜方肌｜亲测一周见效，无器械，无需场地，站着做瘦手臂操！,225.3万,1.1万,3412872
5,10分钟下腹部小肚子运动｜高效燃脂、无工具【周六野Zoey】,85.5万,4482,2699802
6,睡前「鸡尾酒式瘦脸法」瘦咬肌、去面部水肿、正体态，堪比整容！,59.6万,1963,2552030
7,大腿前侧粗壮凸出小腿肚向后突出腿形不直必练一周见效的教程！,70.7万,2283,2422240
8,20年XO型腿还有救！超详细直腿教程 每天跟练 一个月肉眼见效果,57.1万,1163,2178610
9,不打针不手术练出完美下颌线！仅靠舌头就能科学改善下巴后缩，凸嘴，双下巴，口臭| mewing真的管用么！,121.8万,3831,2093835
10,鼻部变美干货｜为什么别人的鼻子越来越好看，而你的却越来越丑？我关于鼻子的一些思考,95.1万,1.1万,1971482
11,日本美容师教你正确祛黑头 10分钟告别草莓鼻,68.3万,1923,1942527
12,毕业生找工作到底有多坑？我被坑了好几次！亲身经历教你如何避坑！,122.1万,5596,1872966
13,欧阳春晓本人已授权   少女背 直角肩 斜方肌  去头尾  自用侵删,85.8万,3053,1860144
14,Pamela帕梅拉一周运动计划｜新手友好（每日分P）,69.3万,2632,1786221
15,屁股，是被你自己坐！扁！的！（P2 跟练解决）,49.5万,2330,1673576
16,【知乎高赞】如何纠正含胸、驼背、头前伸？,42.6万,563,1650376
17,在床上就可以做的20分钟特快瘦大腿操  2星期内明显见效【Coffee林芊妤】,119.6万,1.2万,1644035
18,【干货】腰粗胯宽屁股大？微胖女孩必看显瘦20斤的挑裙子大法！,83.7万,5009,1614108
19,我只讲今生，不讲来世,118.1万,2090,1505230
20,【6天减14斤】真实记录，不运动不节食，我的方法！,95.2万,3369,1491051
21,干货！低成本漫画手养成/手部美白、拯救手部粗糙暗沉｜最全手部护理！白到发光,39.4万,785,1489654
22,纯干货！拯救大脑门 颅顶低 发量稀少 ｜秃头少女自救指南,37.4万,871,1483931
23,10分钟徒手整容 ，改善显老颧骨颧弓！柔和面部轮廓！可可的有效化妆技巧01,41.2万,2466,1467214
24,帕梅拉 莱孚 - 15分钟高强度腹部训练  - 无器材 (Pamela Reif Official),42.2万,2577,1463264
25,从170逆袭到185cm，逆天改命增高15cm的秘诀,110.0万,5619,1406162
26,「优质高蛋白」和普通蛋白的区别？｜喝牛奶能补充蛋白吗？,70.2万,2758,1336141
27,瘦腿课表（美丽芭蕾外侧+内侧+第三套+第四套+美丽芭蕾拉伸）,106.7万,1.3万,1303008
28,体态大师：气场女王2020改善驼背、头前伸、斜方肌大、瘦背、瘦手臂、脖子拉长,47.6万,1819,1296644
29,【新手友好】我瘦了65斤！花了5W从私教学来的全身燃脂运动！坚持3周，必有效果！,29.7万,3376,1292532
30,蔡徐坤5套万元造型 小伙平价复刻 真变帅了？？,158.7万,9.4万,1261174
31,【茶茶】邓文迪：做情妇拿美国绿卡，用冷冻精子生子抢遗产，半个时尚圈都是她闺蜜，最强撩汉女性？,158.5万,2.2万,1255489
32,高中生日常妆容分享｜简单易学素颜妆,80.2万,5345,1242513
33,跟拜拜肉say拜拜！8分钟站着坐着瘦手臂，避免增大斜方肌，1周见效！告别拜拜肉麒麟臂！,28.7万,704,1240024
34,杜绝廉价感！5个知识点教你避免穿那些看起来就很便宜的衣服,110.4万,6698,1226935
35,11编发大作战 40秒学会京紫薇尔莉特编发,49.3万,223,1216165
36,在床上就可以做的10分钟全身燃脂训练,37.9万,2313,1190367
37,干货！背后长痘，鸡皮肤怎么办？6分钟教你科学养出光洁美背美腿,36.5万,1789,1175616
38,【更新1p，告别蝴蝶袖】美丽芭蕾 天鹅臂 累断手,121.3万,1.0万,1170759
39,【医学博士】618你不会还在买这些赔钱货吧？！I 最科学的防雷指南,84.7万,9986,1156790
40,麻瓜禁入X生而优雅 纯血巫师们的集会,64.6万,2631,1154369
41,绿茶亲身示范！我这样拍，朋友圈点赞多了3倍！,77.8万,8128,1151850
42,【艾琳】最有效七分钟小腿燃脂运动 + 拉伸 | 免费18天在家瘦小腿计划,42.1万,1142,1144233
43,生物角度拯救脂肪胸(男性雌化胸)【科学拆解15】减脂增肌注意,69.3万,613,1141442
44,康复专家手把手教学，「石原里美」式下颌线！（P2完整跟练）,65.4万,9732,1126314
45,【清华学长】干货！缩小毛孔的方法来咯！,75.3万,713,1112323
46,[Healing Times]粉色少女心击杀 | 美妆发烧友必看｜PINK趴体狙击❤Destroying Cosmetic With PINK Products,64.9万,1.5万,1109595
47,【100%亲测有效】大腿前侧突出|小腿后侧突出|膝超伸，全面拯救大粗腿，摆脱小腿粗壮|大腿前侧凸出|骨盆前倾|小腹突出|梨型身材,30.5万,1279,1106522
48,肿眼泡 圆脸  无滤镜无打光 普通女大学生日常妆容分享  平价彩妆便宜好用 ！！！,72.1万,1278,1077763
49,「侧腹训练」解决腰部两侧赘肉，打造性感人鱼线,35.6万,228,1038405
50,一条毛巾改善富贵包，学点肌动学改善富贵包,37.1万,227,1025708
51,【长江以南】温柔杏色妆容｜新手也能画的人畜无害妆容,61.8万,1590,1021531
52,国际教练告诉你为什么哪都能瘦就是不瘦腿【瘦腿系列一】,38.5万,614,998812
53,【中字】Ballet Beautiful 美丽芭蕾第三套  瘦腿提臀,50.8万,5128,966138
54,【JK+LO】2周目的卡点变身转圈圈呢~多条裙子有没有你爱的？内含JK、Lolita|皮卡小可爱,79.3万,2412,948993
55,【后天改变性格】冥想让我获得了什么 | 睡着了怎么办,54.5万,1118,933773
56,【Suzy】瓦坎达美妆博主入驻b站？看得见我吗？全网最黑是我了吧！,74.7万,2835,931073
57,不打折就倒闭！618十双好鞋推荐～,100.5万,1.3万,926495
58,女装店恶心人的套路实在是太多了吧,80.2万,1809,911985
59,全家矮子基因猛长到183！成年后再长5cm逆天改命！？,39.1万,1351,905007
60,十分钟教你打造男生日常出门妆！|约会|男生素颜妆|男生口红色号|MAC柜哥|,53.5万,3233,899274
61,英气十足的古装发型,56.5万,423,884244
62,【超飒小短裙】短裙合集 俏皮灵动的裙摆，总有一件甩在你的心上,53.4万,694,879903
63,拯救凸嘴！港风美人如何利用表情管理凸嘴？修饰凸嘴干货！学习“美人三分龅”不整牙管理凸嘴龅牙方法技巧,40.5万,2292,878807
64,"大家好，我是捷克""谐星""大KK，我正式入驻B站啦！（结尾有彩蛋哦~）",104.0万,8527,867287
65,10年女演员花20000元体验中式写真，结果哭了......,76.1万,7647,865708
66,扮成陈芊芊出门逛街吃饭！结果被？？？【易烫】,116.7万,4593,863091
67,如果没拍摄，没有人会相信,111.9万,2062,852830
68,真实经验分享总结 | 膝超伸、大腿前侧粗壮凸出、骨盆前倾改善、小腿肚向后凸出女团腿 腿不直腿直了后还长高了一丢丢嘿嘿嘿嘿嘿,31.0万,150,851687
69,【尤尤娜】180cm高个子夏日也想做法式甜甜少女|淘宝平价服饰购物分享 法式穿搭 学生党穿搭 夏日甜美穿搭,91.4万,1417,849677
70,低于50大卡！8款万能酱汁，炒菜/沙拉/拌饭/炒面,15.8万,36,840886
71,【干货】一招改善斜方肌，找到背部发力感，附居家背部练习,17.3万,474,831293
72,【一介粗人】不，你不驼背,42.3万,542,826806
73,协和整形医生揭秘：这些整形项目不要轻易尝试！,60.0万,2873,824998
74,表演系女生教你：为什么电视剧女主的头发永远那么蓬松？,59.3万,1181,820840
75,公司为什么不选我去参加创造营？！不选我！我就在家夫妻成团！电梯口直接出道！,105.5万,4.1万,812981
76,百元左右  平价冷门小众香水,31.9万,289,808601
77,用闻所未闻的非洲护肤品给自己做Spa！有些产品竟然出奇好用！【nya酱】,55.3万,1.1万,799956
78,男生从细节变帅教程！只需五步！学生党进 不花钱不整容 毛发|皮肤|牙齿|穿搭|体味,37.1万,3356,791453
79,单眼皮？近视无神？ 金高银式日常耐看妆拯救你！,34.6万,6408,787440
80,【中字】10分钟腹部训练，一周见马甲线！（高级&初级&中级&全方位训练）,38.7万,1042,784712
81,别再往后夹肩膀了！越矫正越差！圆肩驼背矫正避坑,40.8万,4041,783892
82,T恤合集 | 复古又可爱的短袖们,32.5万,473,783304
83,我都能变成美女！你为啥不行？进来看！变美女！单眼皮女孩大眼技巧大放送！,48.3万,1825,779306
84,为什么高中生恋情大多都失败了？分享我身边的校园恋情,76.6万,1231,776221
85,Armani式高贵:能把 MotherFucker 说的优雅迷人的女人们~||试水版,55.9万,615,775860
86,【颜纠所】洁面黑榜！有这些垃圾洁面的赶紧扔掉！,57.8万,2461,773522
87,一个赞一个引体向上，求虐！,187.9万,6003,770381
88,【减脂必看！】21天高效减脂丨如何规划饮食运动丨调整心态  拒绝复胖,39.3万,631,769388
89,最有效的学生党减脂，每天只要15分钟|48小时持续燃脂,42.2万,1543,768749
90,新手向 I 8年化妆师教你4句口诀学会精致眉！,24.5万,287,768513
91,【半佛】买不起奢侈品就是穷人吗？不，是聪明人,44.1万,2424,766876
92,住北京五环外，睡沙发，月薪两万就这就这就这？？？,94.5万,3869,765122
93,【如何提升你的穿衣品味】由内而外提升衣品&审美 ｜ fredalooks,42.0万,387,745486
94,天生黑也能变白！|被无数人问过的美白方法 | b站最全面美白分享,52.9万,812,742781
95,Pamela Rf——最新 2020年 每天45分钟 标准版 训练课程（更新至第十五周）燃脂加强版和舞蹈燃脂版已经单独分出去做课程合辑了,29.3万,1792,736168
96,夏日红唇辣妹妆 | Summer Glam Makeup ft. Red Lip,75.8万,2609,736063
97,穿上就是人间妲己！卡戴珊都爱的欧美尤物品牌试穿分享！｜性感连衣裙分享,66.0万,3367,734060
98,【健身经济学】如何低成本练出好身材?!(科学白嫖),31.5万,2694,723385
99,和杰伦一起围观老萧打球，连续7个球都不进？难是因为没有下雨？,168.3万,968,719221
100,"30分钟全身爆汗燃脂 (不用跳, 不伤膝盖, 初学者适用) - 減腹, 手臂, 全腿, 练马甲线 ~ Emi",28.3万,911,714860
