排名,标题,播放量,讨论数,得分
1,《樱  桃  老  丸  子》,654.9万,9439,7555881
2,【醒醒】中华儿女该起床了,234.8万,3.0万,6475811
3,小翔哥回来了，我们重新开始,579.2万,6.9万,4927392
4,【Pamela Reif】魔鬼帕梅拉10分钟初学者腹部训练，新手姐妹也能跟得上啦！,228.6万,1.6万,4896855
5,眼“色”游戏 （2）,279.2万,7.2万,4071200
6,默契挑战！！,510.8万,11.6万,4052937
7,当 滑稽 和其他表情合体,251.0万,1.9万,3847718
8,手 往 哪 摸 呢 ？,435.3万,4.7万,3742485
9,脱 离 苦 海,325.2万,10.2万,3654426
10,高考作弊记,277.7万,1.3万,3623014
11,【互动视频】100%算中你的年龄！,330.1万,4.4万,3426685
12,我 摸到了！,325.4万,3.6万,3250786
13,当有陌生人敲门！打开这个视频！快！,90.1万,1362,3236908
14,快给我住手！你喷错人了！！,391.1万,6318,3226113
15,妈妈去世后，就再也没有吃过了…,249.7万,6859,3161517
16,看看他最后是怎么离开死循环的,353.7万,5512,3096796
17,选来选去还是这首歌最合适放学的她,606.5万,3969,3039697
18,高 ping 战 士,661.4万,5033,2911823
19,六 一 儿 童 劫,487.1万,8428,2859097
20,自制多米诺开瓶器，一次开100瓶乌苏，让开盖更加简单且硬气,351.9万,2.7万,2645551
21,4斤重的烤羊腿！没见过世面的姐姐直接抱着啃...,438.6万,9313,2624867
22,当法官要看你浏览器记录时【阅片无数50】,442.9万,3.7万,2609940
23,突然向女朋友跪地求婚！相识20年，我们终于订婚了！,165.8万,6.0万,2599515
24,【作文】那些写进作文里的神仙开头,61.4万,691,2420221
25,追男生硬核攻略教学  轻轻松松 从入门到精通,120.9万,2.4万,2406723
26,油管上超火的美国熊孩子模仿特朗普表演,375.1万,8103,2341585
27,中 国 新 说 唱 总 决 赛 第二季,340.0万,3264,2328148
28,“你是我此生最大的浪漫”,296.1万,1.3万,2287977
29,我偷偷盖了个树屋！,169.7万,1.0万,2265502
30,#钟美美#钟美美所有作品合集(时长53分钟),97.4万,2.7万,2211009
31,那些写进进作文里会让老师震惊的句子【狗头】保命,42.2万,952,2188050
32,为啥费玉清《一剪梅》突然欧美爆火？不懂雪花飘飘梗会被嘲笑！,399.0万,3.2万,2176443
33,适合【一人食】的八个创意小食谱,135.6万,3682,2142174
34,堆成小山的鸡块成本不到20块？！我再也不去炸鸡店了……,94.7万,325,2132711
35,印度愤青的新花样——卸载中国软件  印度封国的第七十四天,272.5万,8584,2108797
36,曹操攻打荆州时，珍贵的直播历史影像,435.6万,2783,2105459
37,实拍美国抗议现场，街访纽约示威者！,467.0万,4.5万,2104270
38,女朋友的这些话是如何做到全国统一的？,279.1万,1.1万,2073219
39,【以衣换衣·第二期】衣 服 换 换 换,276.7万,2.0万,2072714
40,乱 摸,342.7万,1.4万,2051900
41,油管播放量破亿却惨被删除封号的特朗普恶搞视频,283.9万,5744,2039680
42,从前有一种猹叫“美国井猹”,156.4万,3853,2026024
43,缘分：就 挺突然的..,250.3万,3229,2023649
44,【朱一旦】199 过去的不会只是成为过去,256.9万,1.0万,1971787
45,“王 者 荣 耀 全 英 雄 介 绍 ”（共100个）,187.9万,1.2万,1959100
46,当代网络现状,192.1万,4764,1949126
47,特朗普首次回应B站恶搞视频,319.3万,1.2万,1936347
48,史上最详细的油炸火腿肠教程！这才是童年的味道！！,137.7万,2690,1918509
49,阅读全文并背诵,236.1万,1658,1873123
50,【warma】读评论丨沃玛你有喜欢的人吗？,118.3万,2.3万,1869459
51,终究还是一个人扛下所有,200.1万,6431,1817978
52,欢迎报考浙江大学！！！,345.9万,1.6万,1816795
53,川普发推大喝三声CHINA！随后推特被中国人占领,482.2万,2.4万,1802282
54,老师要求2000字作业……,84.8万,1910,1795103
55,【土豆的花样吃法】农耕之乐，劳作之美，饮食之道——土豆的一生,273.1万,3.1万,1790799
56,【现 代 圣 杯 战 争】,177.0万,2886,1771320
57,情侣摆摊一小时收入5000块，当场花完，爽！,209.8万,1.2万,1764028
58,前NASA工程师和偷吃鸟食的4只小松鼠斗智斗勇！,119.4万,6702,1763302
59,猫咪发现床单很丝滑后…,287.4万,635,1745574
60,东北姐妹帮闺蜜出气，大骂闺蜜出轨老公，都不带重样的,191.2万,3111,1729272
61,厨师长解答：“炉灶的流动水不关”，不仅仅是“浪费水”这么简单,266.8万,1.1万,1728294
62,一周不重样鸡胸肉腌制法+2款巨嫩鸡胸肉做法！嫩出汁！,48.8万,471,1717925
63,弟弟近期动态,184.7万,5737,1716147
64,挑战在B站总部当众自称公主,249.8万,3.0万,1709800
65,3千元买来300平古宅，父子2人改造了整整100天！变化简直翻天覆地,284.6万,8475,1704210
66,【艾叔】4K | 成都麓湖1.5亿豪宅，开游艇的神仙生活是什么体验,175.1万,1.9万,1701718
67,教你一句话把天聊死！,134.3万,5191,1677155
68,最强翻页书,135.9万,2388,1675079
69,特朗普被黑人撞飞的视频曝光！全程高能！！！,491.0万,9477,1674001
70,建议每个黑人兄弟都买一个，戴在腿上,319.4万,1959,1670333
71,50元和2000元的猫有啥区别？2000的逐渐同化！,173.3万,1.0万,1662400
72,这个喷嚏声音有点奇怪,141.7万,1042,1655563
73,再见了，心爱的梦中女孩……,194.1万,1.9万,1632462
74,Eric Warner | 欧美男模 | 每日一遍 防止早恋,53.4万,1582,1626693
75,11岁男孩表演木偶舞，展示完美的肌肉控制力和超强身体柔韧性，反转手臂那一刻真的吓到我了,191.3万,4474,1610179
76,这个春天我们迎来了10多个小生命，克里米亚野生动物园欢迎你们,117.7万,3769,1595974
77,这才叫 回 味 童 年,130.2万,4475,1583170
78,蛋黄派妙不出来了？！,117.7万,2.0万,1575240
79,26岁，我拥有了一辆兰博基尼！!,255.4万,1.1万,1562979
80,不放一滴油的滑蛋猪排饭，也能馋倒隔壁八个大汉！夜深人静时灵魂的养料,152.0万,5316,1548805
81,忙碌了2个小时陈师傅决定原地去世,213.0万,754,1539734
82,米其林大厨级摆盘32招！“ 变成你吃不起的样子 ”,76.2万,4165,1539451
83,当了4年UP主，我结婚了！,132.4万,2.7万,1534859
84,36岁单身老狗的快乐生活，看完突然想结婚了,198.8万,1.0万,1531941
85,你尽管点赞！物理老师那边我去解释！,191.2万,1.2万,1518825
86,拿姐怀孕了？我真的慌了！！,154.7万,1.3万,1516068
87,果然眼镜最骚,328.8万,351,1503529
88,东北小伙怒怼地铁道德绑架大爷    警告：看完会引起极度舒适,174.2万,1565,1494264
89,【超燃励志】油管3000万播放——《没有借口》NO EXCUSES！每天一遍，防止颓废！,54.3万,1854,1493549
90,一个老鼠进去教室后，老鼠都快被吓死了,389.4万,2110,1488161
91,当你遭遇跟踪！快打开！,37.4万,1117,1487459
92,跳绳语音播报40分钟45秒跳绳15秒休息10分钟20分钟30分钟35分钟40分钟文字提示,29.7万,580,1486549
93,手机丢了第一件事绝不是报警,81.5万,788,1479868
94,吹气就能旋转的立体六芒星，好看的折纸减压小玩具,45.0万,1133,1473736
95,【花园粑粑】就是你们秀恩爱是吧！,87.2万,3.3万,1471012
96,好吃到舔盘的鸡蛋酱拌面！连吃3碗不过瘾.电饭锅蜜汁烧鸡,65.3万,989,1469114
97,【怪异君】与女仆争风吃醋，泡芙喵对怪异君大打出手！,119.4万,1.8万,1466578
98,如何拥有一个课室快乐机,103.0万,835,1458367
99,句句真理,177.0万,999,1455658
100,祖 安 益 智 玩 具,131.4万,3832,1427017
