排名,标题,播放量,讨论数,得分
1,毛选朗读（1～5卷） 持续更新中…,138.9万,1.4万,5280345
2,【才浅手工】两个月打造两把誓约胜利之剑，已用青金石附魔,175.0万,2.6万,3688478
3,骁话一下：为什么欧洲没有互联网？,302.3万,3.6万,2501171
4,【罗翔】100g冰毒里掺50g面粉，怎么判？国际禁毒日,244.2万,2.9万,2067347
5,为了做游戏，我花了10年自学程序、美术、音乐、策划,88.8万,1.3万,2066982
6,消费主义是如何对年轻人进行欺骗与洗脑的？【围炉夜话】,67.6万,1.8万,1885527
7,【半佛】应届生求职利益最大化指南,84.6万,7999,1583614
8,满分UP主倾囊教你写高分作文！最强攻略！【满分作文攻略01】,34.0万,5141,1453637
9,【戴建业】苏轼悼亡妻《江城子》，我每次读都很难受,137.0万,1.2万,1406392
10,学婊的千层套路,89.2万,3783,1283711
11,【自制】如何把门禁卡做成你用不起的样子？硬核UP自制带屏幕的NFC名片,63.3万,2443,1220236
12,我国五大战区如何划分？哪个战区实力最强？西部战区距离印度最近,127.2万,4605,1149100
13,你真的对这个世界做好准备了吗？丨ztalk,46.5万,1.2万,1112408
14,印度网友疑惑：为什么中国人不抵制印度商品？中国网友在线真诚解答，听完他心态崩了..,249.0万,8216,1101177
15,三分钟教你偷走台军战机，开回大陆领50万奖金！,97.7万,3646,1091722
16,【毕导】防淋雨的完美姿势！下雨天究竟跑步好还是走路好？,82.8万,1.2万,961639
17,文字频频乱码，这背后是显卡的扭曲还是规则的沦丧？,45.4万,2927,955123
18,【奇怪的传播学】下行生育率背后的传播学逻辑,47.6万,6544,884149
19,一个神仙级别的美式英语发音教程，不刷十遍都亏了！,14.5万,966,881525
20,提高面试成功率的n个小技巧，内含简历教程和建议,25.0万,488,853026
21,【乌鸦校尉】美国黑人曾距共产主义只有一步之遥？,48.2万,7494,839876
22,多条军犬被蚊虫叮咬牺牲 ！每立方米蚊虫多达5000多只的边防连,115.4万,8726,807741
23,罗翔：我小时候经常跳楼,80.8万,2025,741071
24,4个月吸毒花了几十万，害人的笑气竟然不算毒品，就在身边【禁毒日专题】,46.7万,4467,694657
25,直男第一次做手工会发生什么？！,53.0万,9048,686292
26,从第7秒开始一直“卧槽”到结束,47.6万,1912,682284
27,【眉山论剑】中美脱钩之后，只有这件事真的让我忧虑！,49.4万,7256,667071
28,知道这些后 我戒掉了游戏,49.5万,8163,653450
29,底线零容忍！外国毒贩以身试法被中国判死刑，总统求情都不好使,58.5万,3768,620795
30,壮阔史诗！二战历史年表，超燃影视化剪辑【历史调研室】,19.8万,2817,613144
31,【深海】海洋深处中的可怕巨兽 - 大小排名！,77.4万,6292,606695
32,2020年俄罗斯卫国战争胜利75周年红场大阅兵1080P,32.6万,1.6万,578455
33,【亮记生物鉴定】近期网络热传生物鉴定8,46.1万,4132,549703
34,长春砍手门，高中生从球场争执到群殴杀人！一场篮球所引发的血案！,71.0万,2647,538802
35,南街村“向着‘共产主义集体村’目标前进！”,23.8万,2242,532471
36,【Morty深度干货】为什么你总是那么穷？社会财富分配背后的残忍真相,18.4万,1655,531141
37,万人血书急求：全国一卷答案规律！【北清学长被迫营业】,14.5万,1732,529092
38,目前网上最专业的伪声教程，没有之一,25.2万,2682,519580
39,世上有几人能活到这短片结束？,23.5万,8797,512773
40,中国天眼遇暴雨成了汤锅？成功泄水主要靠两点，选址就用了整13年【中国天眼】,67.8万,829,511313
41,国际巨鳄索罗斯，是怎么被战斗民族打败的？回顾1998年的一场金融大戏！【柳行长故事会】,37.9万,4448,503887
42,过目不忘！开考前5分钟就能背完的短句（附解析+例句哦）【纸条摘抄】,12.5万,1505,501104
43,1991年苏联解体，看当时的新闻联播如何报道这一历史性时刻,46.0万,1053,500124
44,日本网友评论，当中国人叫我们“小日本”时！反应亮了！评论笑死了！,56.0万,7219,498059
45,情侣开房你管得了吗？,59.8万,935,494775
46,【自制】历时30天，用乐高还原DNF云上长安副本场景,18.4万,2842,477202
47,那些半句封神的句子|你知道另一半吗？,20.7万,425,473327
48,张召忠说186：美俄还敢折腾核竞赛！切尔诺贝利的教训又忘了？,41.7万,9095,467786
49,【麦长青x戏里戏外】聊一聊23年前我出演的《天龙八部》，当时的我……,29.9万,6541,459550
50,印度进入安理会，还呼吁取消五常一票否决权，普京给出迎面一击,56.1万,1119,453161
51,深扒陌陌探探 里面藏着哪些人性阴暗面？,30.5万,1340,452277
52,【病娇】你真的了解燃烧瓶吗？我这里有些好康的,33.3万,323,445580
53,他们是失败者，但他们的故事不止于此|冷历史|,25.7万,2515,444994
54,前NASA工程师硬核实验：鲨鱼会被鲜血吸引吗？,45.0万,1657,442062
55,尿一直憋着，到底会发生什么？,45.7万,2567,440279
56,【英文听力练习600句】彻底提高您的英文听力水平,7.9万,845,436927
57,海猫你疯了？乌萨斯的熊孩子们到底映射了多少历史原型？细讲二月革命和十月革命【我的苏联】,22.0万,757,436917
58,为什么有些人什么也不干就能LV6？而你万年不升一级？,30.5万,1.7万,434372
59,23个可能会在哪天救你一命的小技巧,23.2万,671,433006
60,畸形的“爱情”,39.6万,1.5万,431681
61,人类为何不能吃人肉,44.7万,875,420941
62,重制《非诚勿扰》前女嘉宾王佳杀人案,47.4万,5025,420129
63,【高考数学】看懂这张纸至少131分！清华学长带你押题（2020国I）,11.7万,544,419836
64,全球衰退年代，年轻人的机遇与艰辛,21.8万,1953,415348
65,和中国一样大的太阳系模型！太阳系竟是如此空洞广阔！,26.8万,2310,415224
66,【自制】马格努斯效应飞行器 ，一般人都看不懂的飞机,41.1万,1658,413727
67,【克苏鲁怪物图鉴 第一期】克苏鲁世界的至高主神——阿撒托斯,19.9万,2261,413292
68,第一个日不落帝国，如今却经常拖欧盟后退，为什么西班牙能成为强国？【为什么历史10】,27.3万,1394,409520
69,人到底为什么而活？活着太累了。深度解析余华经典《活着》,23.9万,1897,398492
70,一年之内开垮四家店铺，我想正经跟大家聊聊实业的困境,21.4万,2404,388965
71,这是毛爷爷最后一次参加中共十大，散会时说的一句话！,38.3万,0,387986
72,怕你们早恋不敢给你看的名人照片，为此课本真的操碎了心,31.0万,4151,383790
73,【真实空难】美国空中女王埃尔哈特，环球飞行时，在太平洋上空神秘失踪，给人留下了未解之谜,29.8万,4742,380492
74,【科普】电梯下坠后落地前一秒跳起来能保命吗？,35.7万,877,377692
75,印度疯狂抵制中国制造？背后的逻辑是这样的。。。,28.9万,2817,358516
76,【玄学方法】靠这两句话，我地理上了80+,10.0万,1127,355941
77,【牛顿】《寄生虫》是韩国财阀的阴谋？,31.1万,1236,354783
78,【娱乐向】文人教你如何文艺的爆粗口‖对于丑人，细看是一种残忍。,10.6万,300,353243
79,印度网友质疑：为什么中国人不抵制印度商品,40.2万,1647,352231
80,【短片】快 速 装 填,38.8万,41,351395
81,印度人懵了，删除了中国APP，砸锅卖铁抵制中国产品，结果反而帮助中国创收了？,35.3万,2159,351031
82,这一次教科书是真的写错了,29.4万,5116,348545
83,选眼镜框有个公式你知道吗？,16.2万,223,344060
84,这就是永动机吧？,29.0万,841,339021
85,【基德】德国顶刊攻击中国学术造假，这锅我们背了10多年，真相是什么呢？,21.0万,2224,335393
86,【专访敬汉卿背后资本】各代网红能赚多少钱？UP主的商业潜力有多大？,25.1万,1105,330729
87,俄93岁二战老兵赴红场观礼 勋章中有一枚来自中国,28.6万,860,329323
88,【影视科普】翻译腔究竟是怎么来的？它的发音为何那么奇怪？,22.1万,1677,326804
89,从发达国家混成发展中国家？希腊硬生生被中国“扛出了”经济危机！,31.0万,2072,325548
90,"泰戈尔《飞鸟集》英文版326首全集(英音+美音), 适合朗读和练听力",5.2万,77,324541
91,阵亡率500%的铁军，真实还原惨烈的“上甘岭”战役,17.0万,1516,322641
92,罗志祥是渣男，周扬青就是白莲花吗？,17.5万,1353,319848
93,【法治之光】罗翔教授打动人心的金句,13.2万,368,319787
94,为什么给视频网站充了会员，他们一年还是要赔几百亿？,18.4万,3565,317075
95,比美国还过分，印度瞒报被抖出，疫情死亡人数创单日纪录,35.4万,260,315291
96,3个后悔没有早知道的赚钱顿悟 | 从半佛仙人的买房视频说起,11.0万,3431,312975
97,40年前那个令人窒息的红色帝国,28.4万,910,312713
98,YouTube 上亿播放量的宣传片：我是中国军人！,21.6万,0,311647
99,学习通前置弹出式摄像头按回后,35.2万,10,310106
100,印度自制中印军力对比【精印】中国网友大加赞叹，各国网民纷纷支持,30.8万,1260,307948
