排名,标题,播放量,讨论数,得分
1,骁话一下：为什么中日韩一谈合作，钓鱼岛就出事儿？,393.2万,5.8万,5699464
2,毛选朗读（1～5卷） 持续更新中…,138.9万,1.4万,5281216
3,这个王者明明超强却喜欢捡垃圾吃【龙女动物学15】软甲纲,317.1万,1.5万,4692941
4,B站的儿童节礼物：哔哩哔哩视频卫星，把世界拍给你看！,600.4万,3.1万,3710517
5,【才浅手工】两个月打造两把誓约胜利之剑，已用青金石附魔,175.0万,2.6万,3688478
6,壮阔史诗！二战历史年表，超燃影视化剪辑【历史调研室】,115.0万,1.5万,3488382
7,"泰戈尔《飞鸟集》英文版326首全集(英音+美音), 适合朗读和练听力",44.5万,1039,3237690
8,【毕导】建议收藏！如何在毕业答辩上一展雄风，成为答辩之神！,122.1万,7335,3177907
9,一个神仙级别的美式英语发音教程，不刷十遍都亏了！,45.9万,2152,2802184
10,别让浑浑噩噩毁了你的生活！百万粉up主的时间管理心得分享！,104.8万,7073,2524312
11,【自制】如何把门禁卡做成你用不起的样子？硬核UP自制带屏幕的NFC名片,149.1万,7326,2481358
12,【半佛】为什么公司要对员工工资进行保密？,213.2万,5926,2479035
13,表白利器  马赛克拼贴照片制作  有字幕,66.9万,346,2463847
14,那些半句封神的句子|你知道另一半吗？,133.7万,3116,2407220
15,【戴建业】同学们我来B站了！今后一起聊聊诗词吧！,135.3万,4.0万,2338446
16,【罗翔vs半佛】专家没有灵魂？知识要广还是要精？,240.7万,2.8万,2279960
17,【鬼谷说】龙兽争霸（其五）：让恐龙再次伟大,86.7万,6954,2173780
18,【罗翔】100g冰毒里掺50g面粉，怎么判？国际禁毒日,244.2万,2.9万,2067347
19,为了做游戏，我花了10年自学程序、美术、音乐、策划,88.8万,1.3万,2066982
20,扒开漂亮国的底裤，用事实告诉你，他到底有没有平等和自由【玄铁说】,184.2万,6.2万,2035802
21,消费主义是如何对年轻人进行欺骗与洗脑的？【围炉夜话】,67.6万,1.8万,1885527
22,世上有几人能活到这短片结束？,98.5万,3.6万,1868440
23,选眼镜框有个公式你知道吗？,96.3万,1692,1792729
24,【英文听力练习600句】彻底提高您的英文听力水平,29.6万,3277,1653365
25,全球衰退年代，年轻人的机遇与艰辛,84.2万,1.1万,1559746
26,汇总一下那些小众却惊艳的成语｜知识文化积累,34.6万,1971,1540090
27,【高考数学】看懂这张纸至少131分！清华学长带你押题（2020国I）,39.9万,1568,1521543
28,满分UP主倾囊教你写高分作文！最强攻略！【满分作文攻略01】,34.0万,5141,1453637
29,从第7秒开始一直“卧槽”到结束,142.8万,4348,1431029
30,干货! 成绩全A的UP主讲述留学生常走的五条弯路!,61.8万,4229,1426031
31,外交天团：反击开始,95.7万,7963,1289486
32,过目不忘！开考前5分钟就能背完的短句（附解析+例句哦）【纸条摘抄】,28.8万,3453,1284109
33,学婊的千层套路,89.2万,3783,1283711
34,10年内，高考答案的强规律性【北清学长亲传】,36.6万,2162,1272750
35,1991年苏联解体，看当时的新闻联播如何报道这一历史性时刻,214.6万,5448,1271126
36,搜索效率提升200%！8个小技巧助你快速查资料，妈妈再也不担心我的学习了~【蜡笔小干货01】,29.4万,966,1249083
37,如何反驳精神资本家？,82.1万,5228,1215200
38,女孩第一次来月经浑然不知，路人看到后，有人脱下了自己的外套（社会实验）,229.0万,6470,1214321
39,痒到怀疑人生？被汗疱疹和荨麻疹支配过的同胞们看过来，皮肤科医生手把手教你解决,72.4万,4436,1167267
40,【阅网无数】你下载的“小电影”都被这个网站记录了！,40.1万,129,1166497
41,YouTube 上亿播放量的宣传片：我是中国军人！,112.9万,0,1150547
42,我国五大战区如何划分？哪个战区实力最强？西部战区距离印度最近,127.2万,4605,1149100
43,23个可能会在哪天救你一命的小技巧,73.5万,2655,1144632
44,罗志祥是渣男，周扬青就是白莲花吗？,71.1万,6060,1142529
45,阵亡率500%的铁军，真实还原惨烈的“上甘岭”战役,66.8万,6887,1134673
46,鲸爆：大自然的炸弹，目前为止最有味道的一期视频,202.6万,2.2万,1114840
47,你真的对这个世界做好准备了吗？丨ztalk,46.5万,1.2万,1112408
48,华为等中国制造，美国如何靠软件，卡住脖子？,70.4万,1.6万,1112072
49,"【思维实验室】如果甲午战争大清赢了,日本会怎样？",81.1万,1.1万,1110682
50,“赌王”去逝，网上赞颂一片；你赞颂他啥啊？,125.7万,6738,1108960
51,印度网友疑惑：为什么中国人不抵制印度商品？中国网友在线真诚解答，听完他心态崩了..,249.0万,8216,1101177
52,三分钟教你偷走台军战机，开回大陆领50万奖金！,97.7万,3646,1091722
53,底线零容忍！外国毒贩以身试法被中国判死刑，总统求情都不好使,167.6万,1.2万,1083943
54,一张A4就搞定! 3种折叠法让复习更高效 | 简单实用的复习笔记 | 妙用三维学习方法 | 干货,23.0万,453,1074156
55,顶级葡萄酒这么做？我裂开了,130.2万,9626,1069251
56,【浪眼睛03】骗子如何敛财千亿不被抓？揭秘2万家MCN机构运作套路，深挖直播带货骗局,56.5万,5192,1069182
57,【娱乐向】文人教你如何文艺的爆粗口‖对于丑人，细看是一种残忍。,31.8万,1051,1052631
58,美国风景线是孕育着恶之花的土壤吗？为何理中客始终只要求中国网友保持理智？【独树一帜44】,68.9万,9047,1045406
59,"二货自封""皇帝”，满朝文武14人，被三名民警一举歼灭。",134.5万,2.0万,1038215
60,【法治之光】罗翔教授打动人心的金句,45.1万,1235,1030393
61,这就是永动机吧？,161.3万,4607,1026674
62,【中英字幕】如果你没有浪费，人生将会是怎样？,30.2万,820,1020149
63,李玫瑾：不给玩手机，孩子哭闹怎么办？,63.9万,1314,1016951
64,关于动物的10个谣言，大部分人深信不疑！,68.0万,4310,1015447
65,《报菜名》里的菜都长啥样？我来告诉你！B站第一人！,77.6万,1674,989748
66,三款免费加速器：真免费 拒绝套路邀请 拒绝网络掉线不稳定 爽快吃鸡,27.3万,491,974984
67,【抓up主系列】你以为他被抓是因为白嫖，其实是因为“裸聊”,182.6万,1.2万,968586
68,【PS教程】终于有一套全面的PS教程啦！从零开始学PS！！,19.4万,5090,963825
69,文字频频乱码，这背后是显卡的扭曲还是规则的沦丧？,45.4万,2927,955123
70,Pr教程全57集,28.3万,1530,953724
71,深扒陌陌探探 里面藏着哪些人性阴暗面？,73.8万,3861,952312
72,用B站首页做视频（在手机上看效果好）,33.6万,1192,952258
73,GTA VI：自由美国,100.4万,3197,934301
74,【玄学方法】靠这两句话，我地理上了80+,25.4万,2949,933696
75,变态心理学 北京大学,21.6万,2703,924323
76,[小甲鱼]零基础入门学习Python,48.8万,8487,920993
77,【精听挑战】3个月内将听力提升n个level（合集）,27.1万,1159,908678
78,【医学博士】揭秘商家是如何骗你钱的？不喝奶茶就是戒糖，别天真了！,105.2万,5556,905131
79,日本网友评论，当中国人叫我们“小日本”时！反应亮了！评论笑死了！,204.2万,2.5万,892810
80,PS2019从入门到精通（从安装到卸载）全套,34.1万,6062,886976
81,【奇怪的传播学】下行生育率背后的传播学逻辑,47.6万,6544,884149
82,【2020法考】罗翔讲刑法（合集）已完结 共96讲 厚大法考,49.3万,1.5万,879644
83,你真的了解切格瓦拉吗？带你走进精神领袖伟大的一生,59.4万,7425,864199
84,国内工资真相！来看看你的收入在哪层？,95.2万,1.4万,864142
85,微表情分析【特朗普】是否撒谎！！！（第四期）,88.9万,3435,858219
86,提高面试成功率的n个小技巧，内含简历教程和建议,25.0万,488,853026
87,6年前马航MH370究竟发生了什么，为何至今依然没有找到,79.5万,1.1万,841752
88,【建议收藏】卓越性能游戏模式让电脑直接进入战斗状态！ 丨 超实用的几个模式,21.4万,148,841052
89,毕业迷茫？难找工作？10位UP主为你解答——《10位UP主的人生答辩》,97.6万,6100,839929
90,【乌鸦校尉】美国黑人曾距共产主义只有一步之遥？,48.2万,7494,839876
91,[Pr教程]0基础急速上手视频制作！UP主必备！,33.9万,2235,837885
92,多条军犬被蚊虫叮咬牺牲 ！每立方米蚊虫多达5000多只的边防连,115.4万,8726,807741
93,【克苏鲁怪物图鉴 第一期】克苏鲁世界的至高主神——阿撒托斯,44.0万,4932,804421
94,外国人听《一剪梅》 只有0次和无数次,192.4万,5492,800538
95,【差评君】我在阿三哥的卸载中国app中，发现了印度版财富密码...,92.9万,4232,796706
96,【4K极清】GTA 6—风景线 | 2020全美暴动实况,59.8万,3057,788291
97,认知层次是可以提升的吗？怎么做到思考有深度？,25.4万,4437,786133
98,什么是特科抹人诅咒？美国历史上最“灵异事件”之一,56.2万,7137,783001
99,只有一句话的小说居然也很精彩｜一句话微型小说盘点,33.9万,2218,782794
100,【4K】真·高维世界！教你升维思考！降维打击！寻找更高维度的世界！,32.5万,6541,771979
