排名,标题,播放量,讨论数,得分
1,乘风破浪的姐姐-大碗宽面练习室版舞蹈,164.1万,1.4万,1748612
2,猛男高跟鞋带你跳【乘风破浪的姐姐】主题曲 李宇春《无价之姐》完整版舞蹈练习室,117.0万,4954,1280652
3,姐姐无处不在，姐姐无人不爱,60.4万,474,755598
4,【椰汁兔】Up&Down 上和下 性感风撩你一下～,41.7万,190,752641
5,炫目特效,39.4万,754,747254
6,【猛男版】新 宝 岛,60.3万,3052,703760
7,【兔总裁】想做你的公主❤幻想童话IZ*ONE,50.4万,523,657757
8,【官方】张艺兴《莲》舞蹈版视频,36.0万,5293,648151
9,【猛男舞团】辉夜大小姐想让我做猛男丨Daddy Daddy Do！翻跳,55.2万,1570,646298
10,【舞小喵】短裙-Miniskirt❤性感小野猫来袭~,26.7万,426,638720
11,【夏酥酥】 ice-cream  ❤,31.6万,199,601811
12,徐艺洋《怪女孩》直拍！僵尸哥特风！太绝了！,51.2万,1.5万,587492
13,【糖小V】优雅小黑裙❤️Dumhdurum-Apink,23.0万,197,566565
14,【4K】重庆大学毕业生版《YES! OK! 》青春有你之毕业纪念视频 外国语学院的研究生小姐姐带来的舞蹈！,63.3万,2367,549798
15,4K*10cm高跟蹦迪《无价之姐》李宇春【乘风破浪的姐姐】主题曲【紫嘉儿】,50.3万,521,535267
16,不要心动❤️我要开始表白了【欣小萌】,37.4万,1694,527685
17,【几兔灰】Hot lssue - 徐穗珍【竖屏】,25.5万,161,510863
18,"""Say So""四人编舞，复古蒸汽波校园初体验:)，Doja Cat ft. Niki Minaj",31.4万,377,485567
19,【雨乃】       ♥️  风  月  ♥️,23.8万,298,460372
20,蛇舞S妖娆曼妙肚皮舞小姐姐-欧洲联赛,30.8万,389,444080
21,【十六】AOA-Short Hair【短发也可以性感和可爱】,20.0万,145,431910
22,换了16套裙子为爱应援！Lo娘也有爱豆梦！,34.3万,781,421280
23,打破偏见的男生双人舞 MoodDok让人脸红心跳的Urban编舞Idea686！,12.7万,354,357935
24,【莉莉子】AOA 猫步轻俏 就算入睡也一定会梦到我,13.1万,120,357862
25,【腸粉】挑战一口气跳完防弹所有主打歌曲副歌 自己挖的坑 哭着都要填完 拍摄防弹出道7周年翻跳后续實錄,13.3万,1478,354447
26,【卡卡】♦囍♦一尺一恨,13.3万,675,347621
27,让桥本环奈大火的舞蹈视频,35.2万,78,345211
28,BLACKPINK  练习室舞蹈 合集 已更！,22.4万,2096,333490
29,想知道天鹅的秘密吗❤西四❤Secret Story of the Swan~幻想童话【IZ*ONE全曲翻跳】,17.2万,569,330844
30,❤老 师 大 人 是 女 仆❤,19.1万,257,318727
31,创造营2020 | 第三次公演舞台《怪女孩》原版编舞Demo，暗黑哥特风舞蹈，炸到令人头皮发麻！,19.6万,774,315402
32,【小仙若】shake it ！冬日也要活力满满！,27.4万,370,307248
33,喵~打包好的小猫咪要收养吗？白丝袜真的太勒肉肉了!【小埋体操】,19.8万,157,297410
34,女孩子要帅一定要跳蒙族,15.2万,338,294926
35,【蔓蔓】这就是纯欲风吗-黑长直性感出击！《短发》short hair,10.3万,146,293171
36,【菌子】竖屏蹦迪！Thumbs Up！性感秘书♥在线蹦迪！,14.2万,124,292291
37,【咝小喵】双倍魅惑❤️虎视眈眈❤️【星辰】,10.5万,186,277333
38,【小巫】国风旗袍❀咏春·七朵❀春知晓梦不觉恰似你我那年……,8.9万,376,275759
39,小米印度销量破亿广告舞,27.1万,491,267479
40,荷兰国家芭蕾舞团演绎“安全社交距离芭蕾舞”,15.9万,152,265970
41,【阿呆】IZONE最新回归《幻想童话/Secret Story of the Swan》,14.6万,101,257830
42,BY2跳舞游戏机-挑战2ne1舞,23.1万,343,246094
43,【中信银行信用卡中心】超还原书记舞，不看错亿！,20.1万,234,221883
44,在宿舍楼里跳【你最最最重要】还挺好看的【龙傲娇】,15.8万,55,221643
45,大制作高能预警!!! 超甜仙女变身朋克风!!!【紫颜】【逆水寒】,9.1万,541,210853
46,【乘风破浪的姐姐】李宇春《无价之姐》完整版舞蹈！阔少编舞,18.6万,184,208443
47,Blackpink新曲How you like that全网最快Dance Break速扒翻跳 拽出天际疯狂踩点,16.4万,120,202783
48,【褶褶x坎蒂】原创编舞★抚摸抚摸/なでなで,7.9万,241,200297
49,猛男减肥舞《乘风破浪的姐姐》主题曲《无价之姐》尊巴舞Zumba舞蹈教学减肥操燃脂操瘦身操有氧舞蹈健身舞蹈减肥瘦身塑形,10.2万,119,194980
50,【张晋的视频】听说你们想看，被迫营业的舞一个,16.8万,539,194036
51,【美国多金大叔诱骗妙龄少女】——致敬卓别林大师经典桥段，庆祝B站粉丝破十万，乃超舞台表演保留节目独家大揭秘,12.6万,568,191290
52,鞠婧祎-恋爱告急 【练习室】【竖屏】,10.1万,136,189469
53,ITZY出道曲DALLA DALLA 2020新练习室版本公开,12.0万,655,182544
54,商场无人偷偷蹦迪 进来围观Thumbs Up长腿御姐在线蹦迪教学【轩哥】,7.6万,67,181350
55,【小鹿】竖版竖版！可爱与性感并存-Hot Issue,5.4万,40,180456
56,粉红色的性感～【Babe】【泫雅】【伢伢】【韩舞翻跳】,11.7万,53,180194
57,对你岂止一句中意 我的心 Dumhdurum【小野妹子w】,8.2万,137,178981
58,【Yalisa】碧 琪 派 对 ！小马国女孩跺脚歌,6.9万,247,178831
59,《乘风破浪的姐姐》主题曲【无价之姐】舞蹈教学（超详细）,9.1万,28,175868
60,还记得就是这个练习室，直接把我从韩圈拉了过来，孔雪儿也是我的小墙头！！都给我看！！,14.4万,276,175697
61,【徐娇】Pizzicato Drops ～五周年～,10.9万,395,174971
62,【ONeeCrew】Blackpink_how you like that练习室速翻+背面镜面版,10.0万,44,170330
63,【座山雕】lamb 丝 袜  拉 太 高 是 什 么 体 验,7.0万,23,168054
64,【安逸】肉肉水手随时待命❤so crazy！,7.2万,68,167251
65,【萌叔】在线蹦迪 进来点赞❤Thumbs up❤末班车也赶不上的全网最慢点赞舞( ͡° ͜ʖ ͡°),6.0万,43,166632
66,【萧璇】偷偷告诉你嗷：❤你~ 最最最重要！,7.6万,165,166435
67,【酒醉的蝴蝶】想要和妈妈做朋友，妈妈看了和我绝交,11.5万,832,164042
68,【1M】Kasper 编舞《Candy》,8.1万,341,157535
69,KIKI//翻跳 一口气跳完Blackpink心头爱副歌part,8.0万,265,153442
70,【SUNMI_宣美】又跳了《nobody》《24小时都不够》，你们喜欢吗,11.6万,391,143466
71,【卿斗酱】竖屏❤️天道好轮回，净土饶过谁❤️极乐净土❤️文艺复兴,5.4万,98,141001
72,【阿羊】AOA-bing bing◈竖屏离你更近,3.5万,29,139630
73,【小肖子】一人成团翻跳BLACKPINK舞蹈合集,10.0万,147,139103
74,【王承渲】20181220 LATATA - (G)I-DLE  Dance Cover.,13.3万,200,136533
75,【咬人猫X露露】今天不上班！跳猛男版！新 宝 岛！,11.6万,118,136086
76,【晓丹】炫彩翻跳-IZONE新曲幻想童话,5.1万,173,135712
77,EVERGLOW翻跳《Feel Special - Twice》,11.7万,454,135299
78,【富婆七奈】醒醒上课啦！你的老师～成人礼-Nine Muses,8.3万,87,134567
79,全b站最沙雕 爱 杀 宝 贝 真羞耻妈见打系列又疯了一个 超还原倒立踢腿(๑´∀`๑)人甜舞憨 硬核防止抑郁(´▽｀),10.0万,206,134406
80,完全疯了！超御姐【泡芙】,7.3万,35,130200
81,BLACKPINK新歌《How You Like That》副歌教学 镜面分解【Ellen和Brian教学】,4.7万,134,129935
82,【慕】Despacito,4.6万,154,128016
83,shake it❤️夏日肉抖抖【沛瑶】,5.1万,58,127115
84,"原创编舞舞蹈刘柏辛《manta》，超A女团""暴力""地板舞！",7.4万,43,126507
85,减肥也要听BTS！ 坚持每天15分钟BTS有氧减肥健身操 让你瘦成一道闪电(So What/Boy With Luv/Dionysus/DOPE),5.4万,87,125862
86,【高度还原】于是伊井野弥子跳起了书记舞丨今天不开门丨新人宅舞初投稿丨一米五小短腿丨Cosplay丨表情废丨石弥冲冲冲（小声）,8.5万,167,125478
87,【全盛舞蹈工作室】清凉来袭《烟雨行舟》唯美中国风编舞MV,6.3万,222,121695
88,【頎三73】囍 ❁于黑夜出嫁 做你的新娘❁,5.2万,157,121123
89,CL唱的《不奉陪》demo很好听，所以编舞一支,7.1万,51,120129
90,创造营2020【敖心仪】more&more翻跳 twice新歌 ~,10.5万,170,117539
91,【跳跳舞蹈教学】青春有你2主题曲《YES！OK！》舞蹈教学，全网最快完整版教学【YES!OK! 一起绽放】,6.1万,118,115681
92,【王智  乘风破浪的姐姐】垫底？倒数第一？来看姐姐绝美主题曲直拍,10.1万,72,108911
93,[威神V/WayV]  威神V(WayV) 《超时空 回 (Turn Back Time)》Dance Practice,5.4万,946,108659
94,【小伊妍】夏日摇摆 Shake it！牛仔热裤抖抖抖起来～,3.8万,61,106226
95,awsl，超可爱毛妹书记舞,6.0万,45,105176
96,耗时8天爆肝制作，舞蹈特效，火箭少女101《皇后与梦想》留作解散的礼物,5.3万,457,104554
97,黑猫和白猫~总有一个你喜欢❤猫步轻俏 AOA 【生日作】【NeKo】6/23,3.2万,306,104376
98,全B站最奇怪的书记舞,7.9万,307,104371
99,草莓甜心学生【白金DISCO】芭比全糖啊！完整版萌到不行！,5.5万,79,102266
100,BLACKPINK新歌(How You Like That)欧尼练习室镜面慢速舞蹈教学,3.0万,12,101922
