排名,标题,播放量,讨论数,得分
1,换了16套裙子为爱应援！Lo娘也有爱豆梦！,337.8万,1.8万,2749953
2,炫目特效,144.3万,2986,2472446
3,别爱我，没结果，除非花手摇过我,331.0万,1.7万,2334950
4,乘风破浪的姐姐-大碗宽面练习室版舞蹈,164.1万,1.4万,1748612
5,打破偏见的男生双人舞 MoodDok让人脸红心跳的Urban编舞Idea686！,59.0万,2276,1638877
6,女孩子要帅一定要跳蒙族,122.1万,2765,1560262
7,【猛男版】新 宝 岛,201.9万,1.1万,1498947
8,【酒醉的蝴蝶】想要和妈妈做朋友，妈妈看了和我绝交,129.9万,1.0万,1448290
9,猛男高跟鞋带你跳【乘风破浪的姐姐】主题曲 李宇春《无价之姐》完整版舞蹈练习室,117.9万,5088,1295515
10,【官方】张艺兴《莲》舞蹈版视频,63.1万,1.9万,1287038
11,【舞小喵】Nice Body~点击进来领取 绝世好身材,75.5万,829,1271397
12,【小诺】真 爱 杀 宝 贝 ！,129.7万,1570,1071480
13,清新夏日限定❤️你最最最重要！【欣小萌】,91.8万,2652,997853
14,广 场 舞 大 妈 大 闹 B 站,114.6万,6810,989748
15,【SUNMI_宣美】又跳了《nobody》《24小时都不够》，你们喜欢吗,107.1万,3551,887040
16,【椰汁兔】就此沉溺在你甜美的谎言之中..《Alone》,56.1万,292,877374
17,粉红色的性感～【Babe】【泫雅】【伢伢】【韩舞翻跳】,60.8万,491,863865
18,尝试在大街上跳酒醉的蝴蝶，看路人反应......,113.3万,3346,847981
19,BLACKPINK  练习室舞蹈 合集 已更！,70.7万,7783,842827
20,又美又野，攻气冲天，谁看了不叫一声姐姐？喻言《 a little bit 》全开麦直拍,66.5万,3.2万,837555
21,【党妹】你最最最重要！花絮大放送,121.1万,3421,822517
22,这大概就是从此君王不早朝的原因吧~,57.9万,1107,734613
23,【十元酱】和广场舞阿姨battle《酒醉的蝴蝶》，阿姨都甘拜下风？,86.8万,2904,704606
24,【男子五人】用韩团的方式打开《酒醉的蝴蝶》【精 神 小 伙】,57.9万,2399,691263
25,b站舞区up主们30年后的样子【酒醉的蝴蝶】西四x爱丽丝,66.4万,2882,687120
26,【小巫】魅惑短发有撩到你吗？AOA-Short Hair【4k60帧极致体验】,33.2万,800,669617
27,让桥本环奈大火的舞蹈视频,113.7万,329,667082
28,赵小棠初舞台《五毒》练习室！Solo版中国风来了！你觉得如何？,42.5万,2631,665048
29,看 不 看 啊,37.5万,321,656156
30,【正义xPk.男女双跳】囍~B站最强quan编舞!我有情，我有泪，也曾无悔~错过后已是莫然~或相拥不相视~,23.3万,605,656144
31,【猛男舞团】辉夜大小姐想让我做猛男丨Daddy Daddy Do！翻跳,55.2万,1570,646298
32,【小薇君】Fancy-twice ♥ 天台蹦迪,34.6万,234,630027
33,【啵啵本bo】蹦跶 thumbs up 赶得到末班车吗,43.7万,202,626194
34,【咬人猫】沙滩上的水手服喵! ❤️ booo!【第100作】,58.8万,589,615419
35,下雨天出不了门，在卧室蹦个迪！【小仙若】,57.9万,1157,610144
36,【夏酥酥】 ice-cream  ❤,31.6万,199,601811
37,【几兔灰】Hot Issue - 徐穗珍 · 4K体验【万粉感谢】,29.6万,141,598260
38,1小时超长合集王心凌蔡依林徐怀钰周杰伦萧亚轩蔡健雅林俊杰周深...超人气中文歌尊巴版尊巴Zumba舞蹈教学高效燃脂操减肥操减脂健身操有氧舞蹈健身塑形产后瘦身减肥,14.3万,959,593522
39,女生为了变好看竟然？！红衣老爷爷惊叹！创造营2020 《我要变好看》翻跳~谢安然 nene 郑乃馨爆胎草莓粥张馨文,37.0万,300,591045
40,【糖小V】优雅小黑裙❤️Dumhdurum-Apink,23.0万,197,566565
41,【慕】CLC-LIKE IT•2p竖屏离你更近,27.6万,121,557401
42,【4K】重庆大学毕业生版《YES! OK! 》青春有你之毕业纪念视频 外国语学院的研究生小姐姐带来的舞蹈！,63.3万,2367,549798
43,【跳跳舞蹈教学】青春有你2主题曲《YES！OK！》舞蹈教学，全网最快完整版教学【YES!OK! 一起绽放】,30.7万,580,539276
44,4K*10cm高跟蹦迪《无价之姐》李宇春【乘风破浪的姐姐】主题曲【紫嘉儿】,50.3万,521,535267
45,蛇舞S妖娆曼妙肚皮舞小姐姐-欧洲联赛,37.3万,515,532015
46,【爱杀宝贝ED】人 蠢 舞 傻 ， 防 止 抑 郁,45.3万,626,521159
47,写作上海❤️读作魔都，旗袍短裙穿越千年的彩虹节拍,33.1万,303,509671
48,【晓丹】AOA性感风尝试-Like a Cat猫步轻俏~,21.4万,357,507310
49,真人鸳鸯双剑你见过吗？【吾佟】高跟双剑超燃♥木兰行♥ 非花木兰纯舞蹈,24.4万,851,501065
50,"""Say So""四人编舞，复古蒸汽波校园初体验:)，Doja Cat ft. Niki Minaj",31.4万,377,485567
51,乘风破浪的创造营姐姐们,66.1万,153,482852
52,【頎三73】囍 ❁于黑夜出嫁 做你的新娘❁,19.9万,643,480686
53,【叶音黄子豪x鬼滅之刃-紅蓮華】超燃LOCKING编舞，精心拍摄制作了一下！,31.0万,940,478740
54,让你清凉一夏！宇宙少女☀boogie up☀【椭奇】,27.6万,301,477288
55,性感秘书~翘班蹦迪Thumbs Up→不要告诉老板,49.0万,248,473285
56,【优优】【竖屏版】宣美-LALALAY,19.3万,128,465878
57,蒙  恬  开  大,51.7万,348,464584
58,【雨乃】       ♥️  风  月  ♥️,23.8万,298,460372
59,全b站最沙雕 爱 杀 宝 贝 真羞耻妈见打系列又疯了一个 超还原倒立踢腿(๑´∀`๑)人甜舞憨 硬核防止抑郁(´▽｀),35.7万,688,458120
60,完  全  疯  了❤－So Crazy ＋醉酒的蝴蝶,23.7万,351,456995
61,建实 猛男 新宝岛！！！,35.4万,1208,454624
62,【双猫】❤️彩虹节拍❤️湿jio挑战！美少女穿凉鞋踩水测试湖水是否干净,34.4万,211,444357
63,Lisa《I'm Not Yours》无台标版直拍，真的太辣啦啊啊啊！,35.7万,349,440798
64,初一的小妹妹们跳触摸天空！,34.8万,492,437059
65,【十六】AOA-Short Hair【短发也可以性感和可爱】,20.0万,145,431910
66,【徐珺大哥】单眼皮女孩 双马尾猛女,41.6万,555,429676
67,减肥也要听BTS！ 坚持每天15分钟BTS有氧减肥健身操 让你瘦成一道闪电(So What/Boy With Luv/Dionysus/DOPE),21.5万,351,425436
68,TWICE最新回归曲MORE & MORE练习室公开,29.7万,1672,419731
69,【舞蹈合集】真人版劲舞团再度来袭，你要来battle一下吗？,30.3万,1469,413281
70,[威神V/WayV]  威神V(WayV) 《超时空 回 (Turn Back Time)》Dance Practice,13.7万,4367,409979
71,【腸粉】挑战一口气跳完防弹所有主打歌曲副歌 自己挖的坑 哭着都要填完 拍摄防弹出道7周年翻跳后续實錄,15.6万,1894,409798
72,【菌子】 nice body❤️你会爱上我的！绝好身材（并没有),29.8万,522,409365
73,【翎霜×铃舟】彩虹节拍 旗袍高跟版挑战  一起来雨刷,16.9万,174,406728
74,可爱在性感面前不值一提？Come See Me！【阿叶君】,18.7万,324,401914
75,看完这段表演你就会知道什么是神一般的存在！,26.7万,537,399682
76,【走茶姐妹】闪灵·Flashback/刻刻op,30.0万,1150,397883
77,你的纯白旗袍小兔兔下凡啦！【岚西】广寒宫,20.6万,137,389554
78,【小伊妍】夏日性感女团Sistar-Loving U高跟鞋翻跳 今天也要爱你哟,26.4万,112,387463
79,【SNH48 GROUP】炙热的我们-第3场《梦不落雨林》舞台版,24.6万,7482,378882
80,【紫颜】 甜到你 ❤ 里呀 ～【霜降】,22.3万,728,368358
81,舞蹈区接受挑战！辉夜大小姐之索兰节【Yalisa】,25.1万,733,367056
82,【卡卡】翻跳总是赶不上趟？但是…你最最最重要！,15.0万,229,366442
83,【露叶】《正在做梦的星》★ 追逐星梦的少女！【原创歌舞】不要放弃梦想，勇敢去追吧！,1.7万,493,366406
84,【SING女团】「寄明月」舞蹈版MV,26.4万,1016,364501
85,BOY STORY - ITZY《WANNABE》翻跳：某公司男团VS女团争C实锤！,20.2万,6901,363892
86,【凛牙】芒种♪偷穿妈妈的高跟鞋（危,22.3万,133,361567
87,战歌起，豹纹穿！竖屏T-ARA皇冠 NO.9舞蹈翻跳【SPRING】,26.4万,94,361029
88,【莉莉子】AOA 猫步轻俏 就算入睡也一定会梦到我,13.1万,120,357862
89,来看林凡/陆柯燃的老板跳舞！老板出道吗，我pick你！,31.3万,328,356657
90,【中信银行信用卡中心】爱杀宝贝ED 还原：客服双人组，老胳膊老腿不容易,34.2万,425,354773
91,雨天在成都街头表演杰克逊Dangerous，把衣服扔地上先打湿一下,33.9万,972,353625
92,【兔牙】EXID - Up & Down✨白 肥 美 阳光暴击 天台蹦迪[上和下],15.8万,166,351325
93,BY2翻跳防弹少年团的舞 BTS《Fake Love》,31.7万,1845,350652
94,【用38个JOJO立跳黄金处刑曲】JOJO的奇妙舞蹈，40秒开始高能！,12.0万,194,348906
95,减肥20斤对比！！挑战三年前的舞蹈还记得多少呢~！公开退步处刑！,27.3万,195,345756
96,【富婆七奈】醒醒上课啦！你的老师～成人礼-Nine Muses,22.2万,237,345036
97,玫香广场舞《酒醉的蝴蝶》网红版，32步有教学,26.8万,630,343486
98,在宿舍楼里跳【你最最最重要】还挺好看的【龙傲娇】,23.2万,207,338067
99,【莓可❤生日作】偷偷下凡来看你~♬来自彩虹桥下的节拍【BDF2020】,14.7万,571,335226
100,胖丁不想听NONONO【竖屏】,19.5万,110,334251
