排名,标题,播放量,讨论数,得分
1,BLACKPINK 回归'How You Like That' MV+现场持更中(更至200628人气歌谣),58.3万,1.3万,714429
2,【黄龄】今天也是越来越《喜欢你》们的一天吖！,46.5万,5340,600245
3,你从没见过的学霸学渣互撕版Doja Cat《Say So》？史上最强高中生改编版！,21.2万,482,477473
4,【Animenz】紅蓮華 - 鬼灭之刃 OP 钢琴版,14.3万,712,366307
5,BLACKPINK 新曲《How you like that》MV公开,25.6万,4340,342484
6,震惊!!不会真的有人能翻唱《Loser》吧?!,23.1万,514,320235
7,【湊あくあ】愛をこめて花束を【翻唱】,9.3万,1057,312362
8,【喀秋莎】同志们！伏特加！乌拉！！!,17.2万,440,274430
9,【官方MV】Mojito - 周杰伦,12.0万,779,188197
10,【BLACKPINK】这现场实力不火都难！老娘穿韩服照样可以Slay全场！How You Like That高能附体翻唱来袭！,13.7万,297,171156
11,【小缘翻唱】最后の私,6.3万,558,168636
12,【三无】RUMOR【ポリスピカデリー】,6.2万,299,168284
13,BLACKPINK最新回归曲How You Like That打歌舞台合集(更至200628),11.7万,1351,167766
14,【李玉刚自投稿】你们要的《赤伶》剧情版MV来了！,6.4万,485,158942
15,女团舞《Psycho》李大辉×崔普闵×黄铉辰×尹产贺 cover,9.3万,557,148764
16,BLACKPINK《How you like that》全球初舞台！美国吉米秀开场！,11.5万,1318,148556
17,【古筝】Only My Railgun —— B站十一周年快乐！,6.7万,310,142141
18,被上帝吻过的嗓子,10.4万,275,134565
19,若能化作彗星【本家演唱】/ 春卷饭 (中文字幕),2.6万,261,133060
20,BLACKPINK新歌《How you like that》用钢琴弹是什么感觉？,8.5万,121,128302
21,燃爆全场！LiSA首唱《鬼灭之刃》最燃神曲《紅蓮華》完整版~【最高音画质收藏】【老织首次现场激情演唱动漫歌曲《紅蓮華》完整版】,6.5万,208,124221
22,我把高考必背历史做成了一首歌！,4.5万,252,122213
23,清唱，他不爱我,7.5万,134,116174
24,《时候》翻唱，谁能比老娘更做作！！！,6.2万,981,116036
25,神仙Remix！Henry刘宪华一人一乐队《Dance Monkey》+《Attention》Loopstation！疯狂循环！,5.9万,1832,108427
26,[30covers] HOW YOU LIKE THAT / BLACKPINK / 男声翻唱！最强最快最高质量了解一下！粉墨听了都想立刻出新专辑！,4.3万,239,103382
27,【鏡音リン】爱情劣等生【かいりきベア】,2.8万,181,94842
28,【双笙＋囧菌】这样佯装洒脱的我（双向喜爱系列之白月光 续）,3.4万,263,94527
29,【毛不易/周深】合唱《无问》<向往的草台>其他选手直呼要退赛,6.3万,634,94166
30,【祖娅纳惜】 麓海为王【他们跟我说，要海妖吟唱！】（阴阳师-铃鹿御前同人曲）,3.7万,148,92117
31,bilibili十周年纪念影片《干杯》,5.0万,483,91141
32,公安小哥哥高能Rap！“刷单”骗子听了都要抖三抖,5.2万,85,90515
33,【BLACKPINK】【4k超清版】【无水印收藏级】官方MV合集（已更至'how you like that'）,2.7万,129,85215
34,《瘾》原创说唱×国家禁毒日宣传曲,3.2万,50,83596
35,【游戏原声】Mittsies-Vitality「Helltaker」/超洗脑的啊啊啊w,4.9万,49,83470
36,街头唱《鬼灭之刃》主题曲《红莲华》嗨爆了!!!粉丝喜笑颜开!!!,5.0万,857,79358
37,特朗普连任应援歌《让美国保持伟大》正式MV,5.9万,380,77562
38,【Kin】解决高音挤扯（一） - 之辅助肌肉代偿介绍 Vog.9,1.9万,935,76423
39,【阿宅专用】是阿宅就来听听这个！,3.9万,116,76093
40,各位看官再来听听这戏腔版《大碗宽面》合您胃口吗？,5.0万,115,76004
41,《Numb》——4K超清  翻唱,4.8万,153,75864
42,满级大佬屠杀新手村,4.9万,116,74191
43,【BLACKPINK】最新蚝油代言！《蚝油来袋/How you like that》韩语KTV版空耳教学中文音译字幕 粉墨回归主打MV,4.3万,157,71156
44,【BLACKPINK】英文版How You Like That释出！有生之年朴彩英Rap并与珍妮合唱？这版英文填词绝美速翻不容错过,3.4万,251,71066
45,【米津玄师/live/LOSER】loser日中字幕现场版-八爷：来，跟我一起摇滚~！,4.0万,99,70871
46,【BLACKPINK】她们不累么？刚直播完就来B站晃悠的内陆墨墨子新歌翻唱,3.7万,173,68166
47,【经典】周杰伦全MV 【191P】,4.7万,452,66154
48,【洛天依原创】她失去的重要的东西【雨狸、依溪禾】【霾AXIS】【哥特金属】【PV付】,1.6万,89,65398
49,像风一样自由,5.5万,64,62982
50,【收藏级】神级日语现场合集，快来享受这视听盛宴吧！已更新至26P,2.0万,222,59774
51,姐很酷炫，但你不配的YG风翻唱BLACKPINK新歌How You Like That,3.8万,127,59316
52,晴天-周杰伦,4.3万,100,59107
53,【考试必背，听完语文+5分】《琵琶行》【战斗吧歌姬XVirtuaReal】,9503,58,58907
54,十几年的好兄弟结婚，唱了首偶像杰伦 《简单爱》，祝虎哥新婚快乐！,5.0万,140,55803
55,火箭少女解散居然出现神级现场，仿佛我是歌手舞台！全开麦实在太棒了,3.7万,236,54631
56,【稻香】B站最懂乐器的猫和甜美小姐姐翻唱周董经典歌曲，是种怎样的体验？,4.0万,100,53861
57,新 世 纪 唢 呐 葬 士,3.5万,169,53532
58,【天堂翻唱】DADDY！DADDY！DO！辉夜大小姐想让我告白第二季完结庆贺,3.5万,470,53451
59,the real suger baby已知最高画质,3.6万,12,52959
60,【PV】黑羊/黒い羊【翻唱】【常暗永远/hololive】,1.7万,75,52819
61,【古筝碰上《西游记》】没错！就是这个前奏，俺老孙去也！呀～～～,4.4万,141,52792
62,【R1SE】中国话 | 舞台纯享版1080P,2.8万,266,52670
63,最强自夸王！！！！！,3.3万,657,52467
64,魔动闪霸《对手》（超清版）,3.9万,100,52156
65,【CSGO大茄子】-阳光宅男,3.2万,186,51791
66,上海话《得不到的爱情》,4.3万,111,50848
67,他永远都不知道他这首歌在QQ飞车里有多火,3.6万,161,50718
68,鼓乐《兰陵王入阵曲》耳机开最大！来听千军万马！！！,1.9万,53,49910
69,BLACKPINK《KILL THIS LOVE》二重奏版，啦叭叭叭（补投）,2.9万,46,49339
70,建议改成《如果夏天的风吹过心墙》怎么这么丝滑？,3.0万,112,49249
71,【彩虹合唱 x 炙热的我们】《彩虹》：唯美星空下彩虹绚烂，团员携手亲友听众，共一曲歌谣相伴。,2.8万,93,49068
72,【日语版】一剪梅！内味儿太重了！,2.5万,152,48515
73,【WNS中字】200627 BTS Love Yourself World Tour @ LONDON 伦敦场 全曲无剪辑完整版,8725,364,48369
74,【洛天依JPN】❤你和我的绝对恋爱规则❤【超可爱语调教】,1.1万,12,48097
75,【防弹少年团】【中字】IU版《春日》，还说自己特别喜欢这首,3.2万,40,47786
76,BLACKPINK《How You Like That》MV+舞台合集 (更新至200628～),3.8万,104,47320
77,90年代的日本 也太open了吧,4.4万,27,47195
78,乘风破浪的姐姐王霏霏孟佳Miss A时期的经典舞台,4.3万,111,47074
79,【人气歌谣】BLACKPINK - How You Like That 初舞台 直拍 200628,3.7万,259,47042
80,'我  佛  了',2.7万,152,46650
81,7首你曾听过而不知其名的梗曲,3.2万,62,46196
82,【蔡依林】节目组错放原音 可是老娘就是要真唱真跳,4.5万,25,45961
83,当年家喻户晓的经典老歌，首首有毒，满满都是回忆啊！,3.0万,1068,45316
84,16岁校草深情弹唱莫文蔚的《忽然之间》,1.7万,371,43868
85,【MV】辉夜大小姐想让我告白第二季 OP 完整版 鈴木雅之 -『DADDY ! DADDY ! DO ! feat.鈴木愛理』,2.3万,20,43683
86,【云横YHx西瓜JUN】《想自由》——————久违的合唱来辣,1.4万,267,42710
87,【原创动画MV】永远的十七岁 | 国风虚拟偶像,1.7万,32,42658
88,Eminem - Never Love Again 翻唱,2.8万,123,42537
89,将诗唱成歌！王源演绎《读山海经》惊艳全场,2.3万,2319,41836
90,我直接在厕所唱LOSER！！！！！！,2.7万,156,41388
91,Let it go 【九语男版】,2.2万,316,41141
92,V神Vicetone新歌《Animal》MV！这胖子看着怎么这么眼熟！？,3.6万,86,40196
93,【BLACKPINK】1080P新歌How You Like That 人气歌谣初打歌舞台+个人直拍合集（新歌舞台/直拍持更）(肥伦秀初舞台已更）,2.8万,207,39917
94,孟佳王霏霏合体跳《bad girl good girl》，爷青回,3.7万,41,39670
95,beginagain4 久违的年糕李遐怡《ROSE》的现场！,2.5万,123,39163
96,我的粉丝随便哼几句就是一首歌！,2.3万,139,39089
97,200627 防弹少年团LY演唱会伦敦场日本TBS电视台放送版WORLD TOUR 'LOVE YOURSELF' LONDON 全曲BTS特集,1.1万,86,37628
98,シャンパーニュ・デイ _ 星街すいせい(cover),9945,38,37559
99,穿成《How you like that》MV中那样要多少钱？,3.2万,56,37552
100,韩国说唱团体看《马思唯VS中文说唱》后惊讶的反应？！,3.4万,253,37495
